text,label,prediction
ngÆ°á»i ta cÃ³ báº¡n bÃ¨ nhÃ¬n vui tháº­t,5,enjoyment
cho nghá»‰ viÃªc mÃ³i Ä‘Ãºng sao goi lÃ  ká»· luáº­t,6,disgust
kinh vÃ£i ğŸ˜¡,1,anger
nhÃ  thÃ¬ khÃ´ng xa láº¯m nhÆ°ng chÆ°a bao giá» Ä‘i vÃ¬ sá»£ bá»‹ Ä‘Ã¨ báº¹p luÃ´n ngÆ°á»i =))))),3,fear
bá»‘ khÃ´ng thÃ­ch ná»™p Ä‘áº¥y mÃ y thÃ­ch Ã½ kiáº¿n khÃ´ng,0,anger
báº¯t cÃ³c bá» Ä‘Ä©a . quanh Ä‘i quáº©n láº¡i chá»‰ khá»• dÃ¢n Ä‘en thÃ´i !,4,anger
per khi nÃ o báº¡n cÃ³ báº±ng xe Ã´tÃ´ thÃ¬ báº¡n má»›i hiá»ƒu . sai thÃ¬ Ä‘Ã£ cÃ³ ca,4,Others
má»™t hÃ nh Ä‘á»™ng Ä‘áº¹p Ä‘áº§y tÃ­nh nhÃ¢n vÄƒn â˜ºï¸â˜ºï¸,2,enjoyment
"anh nhá» nháº¹ xin 100k rá»“i trÆ°á»›c khi Ä‘i cÃ²n chÃ o ngÆ°á»i Ä‘áº¹p , Ä‘i cáº©n tháº­n """,4,enjoyment
per trÃ¬nh mÃ y váº«n cÃ²n tháº¥p chÃ¡n =)),4,enjoyment
máº¥y ai Ä‘Æ°á»£c nhÆ° váº­y ??,4,Others
cÃ³ ai nhÆ° tao vÃ´ Ä‘á»c bÃ¬nh luáº­n ğŸ¤£ tao cÆ°á»i tao xÄ©u,2,enjoyment
á»§a mÃ¡ . 2 Ä‘á»©a yÃªu nhau vÃ´ duyÃªn vÃ  sÃ¢n si giá»‘ng nhau váº­y ?,1,disgust
gÃ³p vui cho chá»§ thá»›t ğŸ˜‚ğŸ˜‚,2,enjoyment
sá»‘ng 17 nÄƒm chÆ°a crush ai bao giá»,5,Others
á»•ng quay thiá»‡t mÃ  sao chá»­i á»•ng tháº¿ . khÃ´ng quay sao mÃ¡y báº¡n xem Ä‘Æ°á»£c Ä‘Ã³ :)),4,enjoyment
tháº§n kinh cÃ¡i Ä‘áº§u mÃ y â€¦,1,disgust
nghe ngá»t tháº¿ :((,2,enjoyment
sao láº¡i cá»© pháº£i tháº¿ nhá»‰,4,disgust
má»‡t vÃ£i .. mÃ  cá»«á»i cÅ©ng vÃ£i ??????,2,enjoyment
kinh khá»§ng tháº­t :((,3,sadness
háº­u duá»‡ máº·t trá»i Ä‘áº¥y chá»© Ä‘Ã¹a Ä‘Ã¢u nhÃ¡ ğŸ˜—ğŸ˜—,4,enjoyment
tÃ´i á»Ÿ phÃº yÃªn vÃ  anh nÃ y nÃ³i ráº¥t chuáº©n < 3,2,enjoyment
Ä‘á»©a nÃ o bá»‹ tÃ¡o bÃ³n thÃ¢m niÃªn cá»© ra cáº§u nÃ y mÃ  nháº£y Ä‘áº£m báº£o hiá»‡u quáº£ ngay láº§n Ä‘áº§u tráº£i nghiá»‡m ğŸ¤£ğŸ¤£ğŸ¤£,2,enjoyment
trÆ¡i Æ¡i sao láº¡i chÃ¡y chá»©,6,fear
cÃ³ nhá»¯ng ngÆ°á»i khÃ´ng cÃ³ Ã½ thá»©c bá» quáº§n Ã¡o rÃ¡ch hoáº·c máº·c rá»“i Ä‘á»ƒ vÃ o tá»§ Ä‘á»ƒ Ä‘á»¡ pháº£i Ä‘i vá»©t ...,1,disgust
per khi áº¿ nhÆ°ng váº«n pháº£i giÆ°Æ¡ng máº¯t nhÃ¬n bá»n nÃ³ Ã¢n Ã¡i,5,disgust
per tiáº¿n cá»­ báº£n thÃ¢n nÃ o,4,Others
váº«n chá»n tech lÃ  ngÃ¢n hÃ ng Ä‘á»“ng hÃ nh,2,enjoyment
per dáº¡o nÃ y Ã­t tung tÄƒng hÆ¡n xÆ°a nÃªn hÆ¡i tráº§m cáº£m dá»“i chÄƒng ğŸ˜³,4,sadness
dume sao sao nÃ³ nÃ³i tiáº¿ng viá»‡t Ä‘Æ°á»£c váº­y,6,disgust
kÃªu gá»i thÃ¬ lÃ³i tháº¿ thÃ´i chá»© dÃ¢n nÃ³ váº«n dÃ¹ng apple nhÆ° thÆ°á»ng,4,Others
nhÆ°ng tao Ä‘Ã©o cÃ³ crush,5,others
"tá»« nay ho , thÃ¬ pháº£i kiáº¿m chá»— nÃ o náº±m táº¡m",4,sadness
tao Ä‘Ã©o ngá» Ä‘Æ°á»£c Ä‘Ã¢y lÃ  trÆ°á»ng tao :)))),6,enjoyment
yÃªu nghá» thá»±c sá»±,2,enjoyment
:))) ra tháº¥y nÃ³ xáº¥u chÃ³ thÃ¬ láº¡i vá» cháº·n sá»‘ Ã ,4,enjoyment
nÃ y lÃ  xáº¡o chÃ³ chá»© nguyÃªn giÃ¡ gÃ¬ . kinh doanh lÃ  pháº£i lá»«a lá»c ... lá»«a giá»i diá»…n Ä‘áº¡t thÃ¬ giÃ u,1,disgust
Ã½ thá»©c con ruá»“i lÃ  chá»§ yáº¿u .. thÃ¬ ngáº­p rÃ¡c lÃ  chuyá»‡n Ä‘Æ°Æ¡ng nhiÃªn .,1,disgust
phim hay tháº­t nhÆ°ng cÃ¡i káº¿t hÆ¡i khÃ³ hiá»ƒu :v chá»‘t láº¡i lÃ  Ä‘Ã¡ng Ä‘á»“ng tiá»n bÃ¡t gáº¡o :v,2,enjoyment
trá»i Ä‘á»¥ tháº±ng con trá»i Ä‘Ã¡nh,0,anger
"mÃ¡ , chÆ¡i dá»‹ ai chÆ¡i láº¡i , máº¥y ba",1,disgust
bá»n biáº¿n thÃ¡i,1,disgust
nÃ o thá»©c tá»‰nh Ä‘i cÃ¡c báº¡n Æ¡i ğŸ˜ƒ,4,enjoyment
cháº¯c cháº¯n bá»‘ cá»§a báº¡n nÃ y lÃ  má»™t ngÆ°á»i vui tÃ­nh chá»© khÃ´ng pháº£i khÃ³ tÃ­nh . khiáº¿u khÃ´i hÃ i báº¡n áº¥y áº£nh hÆ°á»Ÿng tá»« bá»‘ .,2,enjoyment
cháº¥t lÆ°á»£ng Ã¢m thanh báº£n nÃ y hÃ¬nh nhÆ° nghe hay hÆ¡n báº£n gá»‘c há»“i máº¥y nÄƒm trÆ°á»›c nhiá»u < 3,2,enjoyment
máº·t chÃºng báº¡n kiá»ƒu láº¡i Ä‘Ã©o Ä‘Æ°á»£c tráº£ tiá»n rá»“i ğŸ˜,5,sadness
"mÃ¬nh chÆ°a tá»«ng tháº¥y phim nÃ o Ã½ nghÄ©a nhÆ° phim nÃ y cáº£ , nÃ³ dáº¡y cho ta vá» nhiá»u máº·t trong cuá»™c sá»‘ng , khi vui , khi buá»“n",2,enjoyment
nhÃ¬n thÃ´i cÅ©ng Ä‘au lÃ²ng :)),5,sadness
"xem cÃ¡i con cáº·c gÃ¬ , táº¯t Ä‘i",0,disgust
sao cÃ³ dáº§u Äƒn á»Ÿ Ä‘Ã¢y nhá»‰ ?,6,Others
"dÆ°á»›i nÆ°á»›c khÃ´ng nhÃ¬n Ä‘Æ°á»£c , kiá»ƒu gÃ¬ cháº£ cÃ³ Ä‘á»©a sá» mÃ´ng sá» .... dcm sÃºc váº­t :)",0,disgust
tao ráº¥t sá»£ máº¥t Ä‘á»©a tá» ra nhÆ° tháº¿,3,fear
per Æ¡i .... anh muá»‘n anh vÃ  nÃ³ sáº½ báº£o vá»‡ Ä‘á»i em ğŸ˜,2,enjoyment
tao cÅ©ng tháº¿ mÃ  ba tao vá»©t háº¿t máº¹ rá»“i,4,sadness
Ä‘áº¿n cÃ¡i camera nÃ³ cÅ©ng háº¯t há»§i mÃ y :))) chá»›t Ä‘i chá»© sá»‘ng nÃ m gÃ¬ ná»¯a,1,disgust
hÃº há»“n cÃ¡i lá»“n cÃ²n nguyÃªn :),3,disgust
váº«n tháº¯c máº¯c táº¡i sao trÆ°á»›c mÃ¬nh thi vÃ o 10 láº¡i dá»… tháº¿,4,sadness
cÃ³ váº» ngÆ°á»i dÃ¢n hÆ¡i mÃª tÃ­n quÃ¡ ğŸ˜‚,1,enjoyment
"mÃ¬nh tráº£ hÃ¹a , mÃ¬nh váº«n Ä‘á»— nháº¯n tin",2,Others
tÃ´i cÃ²n cháº³ng láº¥y áº£nh lá»›p cho ná»¯a,5,sadness
per sÃ¡ng mai kiá»ƒu gÃ¬ cÅ©ng vá» tá»›i nhÃ  :)),2,enjoyment
Ä‘á»£t trÆ°á»›c con em tao Ä‘i há»c cÅ©ng bá»‹ con kia hÄƒm Ä‘Ã²i Ä‘Ã¡nh . tao lÃªn táº­n trÆ°á»ng kÃªu nÃ³ ra báº£o mÃ y muá»‘n Ä‘Ã¡nh tao cho tá»¥i mÃ y Ä‘Ã¡nh Ä‘Ã³ . há»c sinh mÃ  bá»‘ lÃ¡o,0,anger
tÃ´i cÅ©ng muá»‘n Ä‘Æ°á»£c cáº£m tháº¥y nhÆ° váº­y ??,5,Others
xÄƒm chá»¯ trÃ¡i vÃ  pháº£i lÃªn mu bÃ n tay ... hy vá»ng lÃ  mÃ y váº«n biáº¿t phÃ¢ biá»‡t máº·t chá»¯ :)),2,disgust
sang nÄƒm quyÃªt Ä‘á»‹nh Ä‘i ngá»§ cho Ä‘á»¡ má»i máº¯t,4,Others
khi nÃ o vá»¥ nÃ y káº¿t thÃºc thÃ¬ mÃ¬nh uá»‘ng cf trung nguyÃªn trá»Ÿ láº¡i . sá»£ lÃ m giÃ u cho cÃ´ per láº¯m .,1,fear
Ä‘áº¿n nÄƒm cuá»‘i Ä‘áº¡i há»c rá»“i lÃºc nhá»› láº¡i Ä‘Ã©o cÃ³ gÃ¬ :)),5,enjoyment
t cháº¯c bá» nhÃ  ra Ä‘i khi á»Ÿ vá»›i bá»‘ máº¹ kiá»ƒu nÃ y quÃ¡ . váº«n may bá»‘ máº¹ tao khÃ´ng há» giá»‘ng nÃ y tÃ­ nÃ o,2,sadness
Ä‘á»©a con gÃ¡i nÃ o mÃ  Ä‘á» nghá»‹ lÃ  biáº¿t bá»‹ ma nháº­p mÃ  nÃ© nha máº¥y cha,3,disgust
"Ä‘Ã©o pháº£i ai cÅ©ng Ä‘Æ°á»£c Ä‘áº·t tÃªn cho 1 "" thuáº­t bÃ¡n hÃ ng "" trong kinh doanh Ä‘Ã¢u . cháº¥m háº¿t",1,anger
per máº¥y con Ä‘Ä© lá»“n cá»¥c sÃºc ... dÃ²ng thá»© quá»· yÃªu Ä‘el lÃ m gÃ¬ cÅ©ng rÆ°á»£t cho sáº¥p máº·t luÃ´n,0,anger
hÃ¬nh nhÆ° bá»“ tao cÅ©ng táº­p gym ğŸ˜¶ğŸ˜¶,4,disgust
"lÃºc trÆ°á»›c cháº¡y xe Ä‘áº¡p Ä‘i ngang qua Ä‘Ã n vá»‹t cÃ³ máº¥y con ngá»—ng láº«n trong Ä‘Ã³ . tháº¿ lÃ  dume tá»¥i nÃ³ rÆ°á»£t tao vá»«a cháº¡y vá»«a la cÃ¡i thá»© Ã¢m thanh nghe "" á»© á»© "" "" hiáº¿p em Ä‘i "" lÃ m tao sá»£ tá»¥t lol :))",3,Fear
"tÃªn cá»§a tao nghe ráº¥t bÃ¬nh thÆ°Æ¡ng , khÃ´ng cÃ³ gÃ¬ Ä‘áº·c sáº¯c nÃªn nhiá»u khi nghÄ© cÃ¹ng buá»“n táº¹o .",5,sadness
thÃ­ch :)))) Ä‘i lÃ m vui hay khÃ´ng lÃ  cÃ³ Ä‘á»“ng nghiá»‡p tá»‘t Ä‘á»«ng chÆ¡i xáº¥u mÃ¬nh lÃ  Ä‘Æ°á»£c :)),2,enjoyment
per xem Ä‘i mÃ y sáº½ sÆ°á»›ng thi nhÃ¬n con nhá»‡n bá»‹ giáº¿t ğŸ˜‚,2,disgust
cháº¡m Ä‘Ã¡y ná»—i Ä‘au ğŸ˜,5,sadness
tháº¿ Ã´ng bÃ¡c sÄ© Ä‘Ã³ bÃ¢y giá» cÃ²n sá»‘ng khÃ´ng ğŸ™‚,4,Others
ğŸ˜ Ä‘Ã³ sáº½ lÃ  nhá»¯ng ká»‰ niá»‡m tháº­t Ä‘áº¹p,5,sadness
"per chÆ°a bá»‹ rÆ°á»£t mÃ  Ä‘á»c bÃ¬nh luáº­n tháº¥y sá»£ quÃ¡ , cháº¯c tao sá»£ chÃ³ khÃ´ng lÃ  gÃ¬ vá»›i con nÃ y :)",3,fear
"báº¯t cÃ³c nhÆ° chÆ¡i Ä‘Ã³ máº­y , be careful",3,fear
Ä‘áº£ng ta bao dung tháº­t < 3,2,enjoyment
ráº¥t tiáº¿c em váº«n chÆ°a gáº·p Ä‘Æ°á»£c anh :((((,5,sadness
Ä‘Ã¡i máº¹ ra quáº§n ??,3,disgust
cÃ³ ai khÃ´ng nghe tháº¥y nÃ³i gÃ¬ mÃ  toÃ n xem hÃ¬nh ngÆ°á»i con gÃ¡i áº¥y khÃ´ng ğŸ˜‚,4,enjoyment
Ä‘áº¹p trai ghÃª :)),2,enjoyment
dá»¥ Ä‘áº¥y ... Ä‘á»«ng tin,1,disgust
tÃ¡n cÃ¢y hÃ¬nh trÃ¡i tim thÃ¬ pháº£i,4,enjoyment
lÃ m viá»‡c váº¥t váº£ má»›i Ä‘Æ°á»£c miáº¿ng Äƒn mÃ  chÃºng nÃ³ khá»‘n náº¡n tháº­t,0,sadness
dá»ƒ thÆ°Æ¡ng quÃ¡ ah,2,enjoyment
tá»‘t nháº¥t khÃ´ng miá»…n phÃ­ cho nhá»¯ng thá»ƒ loáº¡i ngÆ°á»i nhÆ° váº­y . nháº¯c nhá»‰ tháº³ng tháº¯n,0,anger
gáº§n thÃ´i :))) giá» nhÃ¬n láº¡i Ä‘á» thi vÃ  khÃ´ng hiá»ƒu sao mÃ¬nh ra trÆ°á»ng Ä‘Æ°á»£c :))),2,enjoyment
nhá»¯ng Ä‘á»©a nhÆ° váº­y quÃ¡ hÃ¨n,1,disgust
há»“i xÆ°a lÃ m fanpage Ä‘Æ°á»£c gáº¡ kÃ¨o 7 triá»‡u nhÆ°ng nháº¥t quyáº¿t khÃ´ng bÃ¡n . cáº£m tháº¥y quyáº¿t Ä‘á»‹nh Ä‘Ãºng Ä‘áº¯n nháº¥t trong Ä‘á»i,2,enjoyment
per lÃºc xÆ°a toÃ n náº¥u báº±ng báº¿p nay,4,others
per luÃ´n yÃªu Ä‘á»i vÃ  luÃ´n yÃªu cÃ´ng viá»‡c em nhÃ©,2,enjoyment
"ngÃ y trÆ°á»›c thÃ¬ Ä‘Ã²i dáº¥n thÃ¢n vÃ o showbiz , giá» láº¡i Ä‘Ã²i láº¥y chá»“ng Ä‘áº¡i gia , Ä‘Ã¢u ra láº¯m tháº¿",1,disgust
"phim nÃ y coi lÃ¢u láº¯m Ã¹i , mÃ  má»—i nÄƒm pháº£i coi láº¡i 1 - 2 láº§n má»›i Ä‘á»§ , thá»±c sá»± cá»±c kÃ¬ hay vÃ  sÃ¢u sáº¯c , nháº¡c phim hay mÃ  diá»…n cÅ©ng ráº¥t nháº­p ná»¯a , amir khan Ä‘á»‰nh nháº¥t ^.^/",2,enjoyment
"Ä‘áº§n máº·t ra nhÃ¬n nÃ³ y nhÆ° con ngu , cÃ²n cÆ°á»i theo nÃ³ ná»¯a , xong bá»‹ nÃ³ phÃ¡t hiá»‡n .",2,disgust
bÃ  tÃ´i giá» máº¥t máº¥y nÄƒm rá»“i giá» lá»›n lÃªn rá»“i mÃ  cháº£ táº·ng Ä‘Æ°á»£c bÃ  mÃ³n quÃ  nÃ o cáº£ ğŸ˜­ğŸ˜­ğŸ˜­,5,sadness
hÃ£m lá»“n lÃ  khi mÃ¬nh Ä‘Ã©o ra gÃ¬ cÃ²n Ä‘i nÃ³i ngÆ°á»i khÃ¡c ğŸ¤­,1,disgust
"Ã½ thá»©c nhÆ° lol váº­y ai cÅ©ng nhÆ° mÃ y thÃ¬ mÃ¡y bay quÃ¡ táº£i dáº«n tá»›i cháº¿t chÃ¹m , Ã½ thá»©c nhÆ° lol váº­y mÃ  cÃ²n Ä‘Äƒng lÃªn",1,disgust
ai chá»­i admin ngu chá»©ng tá» eq tháº¥p tá»‡,1,anger
náº¥u mÃ¬ 2 tÃ´m lÃ  vÃ´ Ä‘á»‹ch,2,enjoyment
máº¥y anh thiá»‡t lÃ  nÃ³ng bá»ng !!,2,enjoyment
qua cháº¡y xe náº¹t náº¹t bá»‘c Ä‘áº§u bá»‘ ai dÃ¡m dÃ´,3,anger
chia se cho ai thÃ­ch thá»ƒ hiá»‡n nÃ¨,4,enjoyment
em mÃ y cÃ¡ch mÃ y bao nhiÃªu tuá»•i ?,4,disgust
tháº­t chá»© tháº¥y báº¡n nam kia cá»©u con chÃ³ khÃ´ng cáº§n nhÃ¬n máº·t cÅ©ng biáº¿t Ä‘áº¹p trai rá»“i ğŸ˜†,2,enjoyment
Ä‘Ã³ lÃ  nhá»¯ng cÃ¢u chuyá»‡n buá»“n mÃ  :((,5,sadness
"diá»…n cÃ²n cá»©ng quÃ¡ Ã  , kiá»ƒu biáº¿t rá»“i mÃ  cÃ²n giáº£ bá»™ báº¥t ngá» :))",2,disgust
lÃ m ngÆ°á»i khÃ¡c thá»a mÃ£n báº±ng mÃ¹i hÆ°Æ¡ng cá»§a chÃ­nh báº£n thÃ¢n,2,enjoyment
dkm xáº¥u máº·t nhá»¯ng tháº±ng táº­p gym vkl tao Ä‘Ã©o hiá»ƒu sao tháº±ng nÃ y nÃ³ láº¡i thÃ­ch Ä‘i Ä‘Æ°á»ng tiá»ƒu ngáº¡ch lÃ  sao,1,anger
"chá»‰ cáº§n cho em nÃ³ 1 Ä‘iá»ƒm tá»±a , em nÃ³ sáº½ khÃ´ng ngÃ¡n cáº£ tháº¿ giá»›i :))",2,enjoyment
per má»™t láº§n thÃ´i khÃ´ng cÃ³ láº§n thá»© hai Ä‘Ã¢u ğŸ˜Š,2,enjoyment
con Ä‘Æ°á»ng nÃ y cháº¯c dÃ nh cho máº¥y ngÆ°á»i nhÆ° tÃ´i,2,Sadness
Ä‘Ã£ bá»‹ Ä‘uá»•i 1 láº§n . Ä‘Ã©o lgi cÅ©ng bá»‹ dÃ­,0,anger
lá»±a chá»n cÃ¡ch thá»©c tuyá»ƒn nhÆ° tháº¿ nÃ o thÃ¬ tá»‘t quÃ¡ rá»“i,2,enjoyment
lÃ¹i vá» sau 3 bÆ°á»›c Ä‘i . ngá»©a cáº£ con máº¯t,0,disgust
tá»™i bÃ  vá»£,5,disgust
Ä‘áº³ng cáº¥p :)),2,enjoyment
"nhÃ¬n máº·t á»•ng nháº«n nhÃ¬n kÃ¬a :)) tao chá» sen tao ra thÃ´i , lÃºc Ä‘Ã³ tao tung hÃª háº¿t ğŸ˜‘",4,enjoyment
dá»… thÆ°Æ¡ng ğŸ˜‚,2,enjoyment
"Ä‘á»‰nh rá»“i , hiá»‡u á»©ng tá»‘t :))) áº¥n tÆ°á»£ng vÃ£i_chÆ°á»Ÿng luÃ´n",2,enjoyment
ko cÃ³ biá»ƒn cáº¥m dá»«ng Ä‘á»— nhÆ°ng Ä‘á»— thÃ² Ä‘áº§u á»Ÿ ngÃ£ 3 kia lÃ  ráº¥t bá»‘ lÃ¡o .,0,disgust
khi mÃ y táº¯t Ä‘iá»‡n thoáº¡i má»™t buá»•i sÃ¡ng vÃ  tao nháº£y tÆ°ng tÆ°ng lÃªn :),4,enjoyment
vÃ¨o cÃ¡i Ä‘Ã£ 7 nÄƒm ğŸ˜•,5,sadness
Ä‘m ngá»“i chá» Ä‘Ã£ rá»“i cÃ¡c tá»•ng Ä‘Ã i viÃªn Ä‘á»u báº­n ğŸ˜­ğŸ˜­ğŸ˜­,5,sadness
nÃ³ Ä‘Ã²i mÆ°á»£n Ã¡o thÃ´i mÃ  . tháº±ng nÃ y ká»³ ...,1,anger
cáº£ ngÃ n tin nháº¯n khÃ´ng Ä‘á»•i láº¡i Ä‘Æ°á»£c 1 láº§n xem :((,5,sadness
Ä‘Ãºng lÃ  tá»‘t quÃ¡ lai thÃ nh láº¡m dá»¥ng ğŸ˜¶,5,disgust
"t cÅ©ng tháº¿ . Ä‘ang ngá»“i chÆ¡i vá»›i con , vá»£ nÃ³ Ä‘áº¯p máº·t náº¡ lÃ¹ lÃ¹ bÆ°á»›c vÃ o . xÃ©m Ä‘Ã¡i trog quáº§n ??????",3,disgust
cÅ©ng lÃ  1 máº¡ng ngÆ°á»i nÃªn cÃ¡c cá»¥ Ä‘á»«ng phÅ© má»“m chá»­i ngÆ°á»i ta . mong anh áº¥y sá»›m siÃªu thoÃ¡t . a di Ä‘Ã  pháº­t !!!,4,sadness
Ä‘Ã¢y gá»i lÃ  nghiá»‡p váº­t,2,others
cÃ³ khi khÃ´ng biáº¿t tháº¿ nÃ o lÃ  tá»± Ã¡i Ä‘Ã¢u :))),4,enjoyment
cho thÆ¡m miáº¿ng nÃ o yÃªu quÃ¡ cÆ¡,2,enjoyment
liÃªn quan gÃ¬ tá»›i mÃ y . má»i Ä‘Ã¡m cÆ°á»›i cháº¯c gÃ¬ mÃ y Ä‘Ã£ Ä‘i . há»i há»i con cáº·c,1,Anger
"thÃ­ch cÃ¡i cÃ¢u "" em khÃ´ng yÃªu anh ná»¯a ""ğŸ˜ŠğŸ˜Š",2,enjoyment
cho tao há»i lÃºa nÃ³ dÃ­nh mÆ°a váº§y rÃ²i thÃ¬ lÃ m Ä‘Æ°á»£c gÃ¬ khÃ´ng .,4,disgust
nghe báº¡n nÃ y nÃ³i dá»… thÆ°Æ¡ng zá»‹,2,enjoyment
"lÃ m ca nÃ o khÃ´ng quan trá»ng , quan trá»ng lÃ  cÃ³ Ä‘á»“ng bá»n báº£o yáº¿n nguyá»…n háº¡nh ğŸ¤£ğŸ¤£ğŸ¤£",2,enjoyment
Ä‘á»— ngay gÃ³c cua tháº¿ cÃ³ ngÃ y sá»©t mÃµm ??,4,disgust
phÃ¡t ngÃ¡n .,1,disgust
em Ã½ cute vÃ£i !,2,enjoyment
per vá» nhÃ  mÃ  thá»ƒ hiá»‡n,1,Others
Ä‘Ãºng . a cÃ³ táº§m nhÃ¬n . tÃ¢m ná»¯a . mÃ¬nh biáº¿t,2,enjoyment
cá»§ cÃ  rá»‘t thÃ´i mÃ  cÃ¡i máº¹t Ä‘Ã£ vÃ¢y náº¿u lÃ  miáº¿ng thá»‹t thÃ¬ khÃ´ng bÃ­t máº¹t ra sao nhá»ƒ ğŸ˜‚,4,enjoyment
cÃ¡i miá»‡ng nÃ³i chuyá»‡n khÃ´ng cÃ³ ngÆ°á»i phá»¥ ná»¯ nÃ o cÃ³ trá»i Æ¡i tháº­t lÃ  cÃ³ duyÃªn khiáº¿p quÃ¡ Ä‘i thÃ´i,2,disgust
tuyá»‡t vá»i quÃ¡ cáº§n nhiá»u táº¥m lÃ²ng tá»‘t hÆ¡n nua tháº­t lÃ  Ã½ nghÄ©a,2,enjoyment
Ä‘i Ä‘Ã¢u cÅ©ng gáº·p máº¥y cÃ¡i thá»©,0,disgust
per sao bá»‘ láº¡i Ä‘á»§ bÃ¬nh tÄ©nh Ä‘á»ƒ xem háº¿t cÃ¡i trailer nÃ y nhá»‰ . _ . sá»£ vÃ£i,3,fear
sao mÃ  Ä‘á»‰nh dá»¯ váº­y trá»i,6,enjoyment
"hai tháº±ng Ä‘Ã³ sáº½ .. nhau , cÃ´ vá» nhÃ  náº±m mÆ¡ tÃ­p Ä‘i cÃ´ bÃ©",1,anger
thÆ°Æ¡ng .. hy vá»ng sá»›m cÃ³ ngÆ°á»i cÆ°u mang bÃ©,5,sadness
"má»©c thu cao nháº¥t - Ä‘á»“ng Ã½ vÃ¬ sá»‘ liá»‡u nÃ³ thá»ƒ hiá»‡n nhÆ° váº­y , chá»© cÃ²n hiá»‡u quáº£ thÃ¬ mÃ¬nh khÃ´ng biáº¿t Ä‘Ãºng khÃ´ng ğŸ˜‚ má»—i láº§n vÃ´ vcb lÃ  hiá»ƒu pháº£i Ä‘á»£i má»i mÃ²n , khÃ´ng nhÆ° nhá»¯ng nh khÃ¡c",5,enjoyment
cáº§n láº¯m nhiá»u vá»¥ ly hÃ´n nhÆ° tháº¿ ğŸ˜‚ğŸ˜€ğŸ˜€ğŸ˜ğŸ¤£ğŸ¤£,2,enjoyment
"sá»i , lá»«a lÃ m sao Ä‘Æ°á»£c tao :))",2,enjoyment
"cÃ³ bao nhiÃªu Ä‘Ã´i ngÃ´n tÃ¬nh , cá»› sao lÃ¬a xa mÃ¬nh ta :((",5,sadness
Ä‘Ã¢y lÃ  má»™t cÃ¢u chuyá»‡n buá»“n khÃ´ng chá»‰ riÃªng tao,5,sadness
con gÃ¡i tao thÃ¬ suá»‘t ngÃ y hÃªy siri báº¯t chÆ°á»›c máº¹ ğŸ˜‚,2,enjoyment
cháº¡y ios cho mÃ¡u ğŸ˜‚,2,enjoyment
khÃ¢m phá»¥c !!! quÃ¡ khÃ¢m phá»¥c !!!,2,enjoyment
per dáº¡o nÃ y bÃ©o quÃ¡ rÃ¹i :(,5,sadness
mau khoáº» nhÃ© :d,2,enjoyment
"quÃ¡ Ä‘Æ¡n ráº£n , báº¡n thÃ¢n yÃªu Æ¡i ,",2,sadness
tao há»c nhÃ¢n sá»± Ä‘Ã¢y cÃ²n Ä‘ang lo tháº¥t nghiá»‡p Ä‘Ã¢y nÃ y,3,sadness
cáº¯t cáº£ tháº¯t lÆ°ng da cá»§a bá»‘ Ä‘á»ƒ lÃ m nÃ¡ ğŸ˜‚ğŸ˜‚,2,enjoyment
per háº¹n xem phim nÃ y ná»¯a nha mÃ y ğŸ˜›,2,enjoyment
per váº«n lÃ  con máº» . nay hÃ ng há» to quÃ¡ ;)))),6,disgust
"Ä‘á»¡ mua 5k tiá»n sá»• rá»“i , kaka",2,enjoyment
tinh trÃ¹ng Ä‘Ã¢u láº¯m tháº¿,6,disgust
"per giá»i pháº¿t Ä‘áº¥y má»—i tá»™i nghá»‹ch thÃ´i , Ä‘Æ°á»£c cÃ¡i lÃ m tá»« thiá»‡n nhiá»u .",2,enjoyment
ngá»t sá»›t :))),2,enjoyment
tuá»•i thÆ¡ mÃ¬nh lá»›p 4 Ä‘Ã£ cáº£m náº¯ng 1 anh chÃ ng tá»« 1 viÃªn pháº¥n vÃ´i .,2,enjoyment
nhÃ¬n cÃ¡i báº£n máº·t bÃ  ta mÃ  ghÃ©t thay . tham vÃ´ Ä‘á»™ . dÃ¢n mÃ¬nh nhiá»u nhÃ  dÄƒn ba tá»‰ cÃ²n khÃ³ ....,1,disgust
cÃ¢u há»i thÃº vá»‹ ğŸ˜ƒğŸ˜ƒğŸ˜ƒ,2,enjoyment
"cÃ´ áº¥y ráº¥t tá»‘t , nhÆ°ng tÃ´i biáº¿t thá»© nÃ o tá»‘t Ä‘á»u khÃ´ng dÃ nh cho mÃ¬nh",5,Sadness
Ä‘m xem mÃ£i quay lÆ°ng Ä‘i chá»­a Ä‘Æ°á»£c bÆ°á»›c láº¡i dá»«ng :)),1,disgust
khÃ´ng gÃ¬ hÆ¡n ngoÃ i tÃ¬nh thÃ¢n,4,enjoyment
"láº¡ lÃ¹ng nhá»‰ , cÆ°á»¡ng hÃ´n trong thang mÃ¡y thÃ¬ pháº¡t cÃ³ 200k coi thÆ°á»ng phá»¥ ná»¯ , bÃ¢y giá» pháº¡t 10 triá»‡u vÃ¬ Ä‘Ã n lá»£n cháº¿t (???)",1,disgust
tháº­t ra nhiá»u lÃºc bá»‹ bá»‘ máº¹ chá»­i khÃ´ng hiá»ƒu vÃ¬ lÃ­ do gÃ¬ vÃ  nhá»¯ng cÃ¢u chá»­i áº¥y cÃ³ nhá»¯ng tá»« khÃ´ng cháº¥p nháº­n ná»•i,1,sadness
"cay máº¯t láº¯m , mÃ  nhÃ¬n nÃ³ láº¡i nhá»› nhiá»u ká»‰ niá»‡m",5,sadness
per giáº£m tá»‘c á»Ÿ bÃ¬nh dÆ°Æ¡ng tuá»•i gÃ¬ vá»›i cÃ¡i nÃ y .,4,Others
per cÆ°á»i tá»©c bá»¥ng nÃ  vá»£ ğŸ˜„,2,enjoyment
"wtf , tao Ä‘Ã£ lÃ m gÃ¬ sai â˜¹ï¸â˜¹ï¸â˜¹ï¸",5,sadness
tao khÃ´ng sá»£ Ä‘i lÃ m má»‡t má»i tao chá»‰ sá»£ khÃ´ng cÃ³ niá»m vui vá»›i nÃ³,3,sadness
lÃºc nÃ³ Ä‘iÃªn lÃªn nÃ³ chÃ£ triá»‡u há»“i cáº£ nhÃ  mÃ y ra áº¥y chá»© nhá»•n,4,anger
cÃ²n khÃ´ng Ä‘á»¥ng vÃ o Ä‘Æ°á»£c tÃ³c cá»§a sai mÃ  tá»± xÆ°ng vÃ´ Ä‘á»‹ch,1,disgust
máº¥t niá»m tin vÃ o Ä‘Ã n Ã´ng chá»© chÆ°a tá»«ng máº¥t niá»m tin vÃ o tÃ¬nh yÃªu ;,4,sadness
"bá»n cÃ³ tÃ­ quan há»‡ hay thÃ­ch khoe , ngay chá»‹ gÃ¬ quáº­n phÃ³ quáº­n x cÃ²n gá»i cáº£ cÃ´ng an , chá»§ tá»‹ch phÆ°á»ng ra Ä‘á»ƒ dáº±n máº·t dÃ¢n ??",0,anger
"uá»‘ng háº¿t bia rá»“i má»›i vá» ,ğŸ˜‚ğŸ˜‚ğŸ˜‚",2,enjoyment
anh thá»© 2 cute tháº¿ =))),2,enjoyment
hÆ¡i láº¡ nhá»‰ pháº£i nháº¯n láº¡i cho khÃ¡ch chá»© grab tháº¿ nÃ y bá»‹ há»§y chuyáº¿n lÃ m sao,4,fear
chÃº nghÄ© chÃ¡u ráº¥t giá»i vÄƒn vÃ  lÃ  ngÆ°á»i cÃ³ suy nghÄ© trÆ°á»Ÿng thÃ nh rá»“i ğŸ’ ráº¥t Ä‘Ã¡ng yÃªu vÃ  táº¿u giá»‘ng máº¥y con giáº·c nhÃ  chÃº â¤ï¸,2,Others
Ä‘Ã¡m ngÆ°á»i lá»›n vÄƒn hÃ³a lÃ¹n Ä‘áº» ra má»™t Ä‘Ã¡m tráº» vÃ´ há»c . bá»n máº¥t dáº¡y nÃ y lÃ  nhÃ  dá»™t tá»« nÃ³c áº¥y mÃ  . nÃªn Ä‘uá»•i há»c cho lÅ© ngu há»c áº¥y vá» Ä‘á»ƒ nhÃ  tiáº¿p ná»‘i sá»± vÃ´ há»c cá»§a gia Ä‘Ã¬nh chÃºng nÃ³,0,disgust
chá»§ tá»‹ch giáº£ lÃ m Äƒn xin vÃ  cÃ¡i káº¿t . Ä‘á»«ng bao giá» coi thÆ°á»ng ngÆ°á»i nghÃ¨o,1,sadness
cÃ³ ai chá»‰ tá»± yÃªu báº£n thÃ¢n nhÆ° tÃ´i khÃ´ng :(,5,sadness
khÃ´ng khoe thÃ¬ khÃ´ng sao . khoe ra mai láº¡i cÃ²n cÃ¡i gá»‘c ... haha ğŸ˜,2,enjoyment
nhiá»‡t tÃ¬nh + ngu dá»‘t lÃ  pháº£i tráº£ giÃ¡ báº±ng tiá»n máº·t ğŸ˜‚ğŸ˜‚,2,enjoyment
valentine lÃ  lá»… tÃ¬nh yÃªu khÃ´ng pháº£i ngÃ y Ä‘á»™ng dá»¥c . hÃ£y vÃ¬ má»™t valentine lÃ nh máº¡nh Ä‘i cÃ¡c báº¡n tráº» ğŸ™ƒğŸ™ƒ,1,enjoyment
tháº¥y anh Ä‘áº¥y lÃ m tÃ¹m lum mÃ  con nhá»‡n váº«n Ä‘á»©ng im lÃ  tao biáº¿t cÃ³ chiÃªu rá»“i . Ä‘á»‹nh gáº¡t anh ak,2,disgust
cÃ³ tÃ­ rÆ°á»£u vÃ o nhÃ¬n Ä‘Ã¢u cÅ©ng tháº¥y má»“i nhÃ¬n gÃ¬ cÅ©ng Äƒn Ä‘Æ°á»£c,4,enjoyment
cháº¿t luÃ´n .. tÃ¬nh yÃªu khÃ´ng phÃ¢n biá»‡t . giá»›i tÃ­nh .. tÃ¬nh yÃªu Æ¡i lÃ  tÃ¬nh yÃªu .. tao Ä‘au khá»• vÃ¬ mÃ y láº¯m rá»“i ...,5,sadness
tÃ´i cÃ¹ng hoÃ n cáº£nh vá»›i báº¡n mÃ¡ tÃ´i cá»§ng bá»‡nh vÃ  tá»«ng ngÃ y tá»«ng ngÃ y tÃ´i bÃªn mÃ¡ tÃ´i sá»£ giÃ¢y phÃºt mÃ¡ bá» tÃ´i ra Ä‘i vÃ  ngÃ y Ä‘Ã³ cá»§ng Ä‘áº¿n ai cÃ²n máº¹ háº£y quÃ­ tá»«ng giÃ¢y tá»«ng kháº¯c bÃªn máº¹,5,Sadness
"cÃ³ mÃ  bá»¯a cháº¡y ngÆ°á»£c chiá»u trÃªn qlo 1a táº¡i cÃ³ háº»m nhá» Ä‘á»ƒ quáº¹o táº¯t , chÆ°a ká»‹p quáº¹o bá»‹ 6 anh csgt + 1 xe báº¯t xe táº¥p vÃ´ cháº·n Ä‘áº§u xe , hoáº£ng há»“n cmnl .",3,fear
áº¿ch cháº¿t táº¡i miá»‡ng,4,disgust
"gáº§n 2 nÄƒm Ä‘áº¿n sá»›m nháº¥t Ä‘á»ƒ má»Ÿ cá»­a lá»›p , lÃºc vá» cÅ©ng lÃ  ngÆ°á»i lÃ  sau cÃ¹ng Ä‘á»ƒ khÃ³a cá»­a . Ä‘áº¿n giá» ra trÆ°á»ng Ä‘Æ°á»£c 3 nÄƒm váº«n khÃ´ng muá»‘n vá»©t chÃ¬a khÃ³a cá»§a lá»›p ...",5,sadness
tá»‘t nháº¥t lÃ  cáº§n cÃ´ng khai minh báº¡ch lÃ  tá»‘t hÆ¡n,4,Others
cháº¯c mÃ¬nh lÃ  thÃ¡nh nguy hiá»ƒm,2,others
mong bÃ© sá»›m Ä‘Æ°á»£c mua láº¡i,5,Sadness
nhiá»u tiá»n Ä‘á»ƒ lÃ m gÃ¬ ..... Ä‘áº¡o Ä‘á»©c xÃ£ há»™i tháº¿ nÃ y thÃ¬ Ä‘i há»c Ä‘Ã¢m chÃ©m chá»© há»c chá»¯ lÃ m gÃ¬ ná»¯a ğŸ˜¢,1,sadness
mÃ¡ Ä‘á»›p chanh hÃ¹i há»¥i tháº¿ kia mÃ  máº·t khÃ´ng nhÄƒn Ã ,6,disgust
thanh niÃªn tráº£ thÃ¹ Ä‘á»i báº±ng cÃ¡ch nÃ y háº£ ?,6,disgust
bÃ¡n hÃ ng onl riáº¿t bÃ¡n luÃ´n nÃ£o rá»“i ğŸ˜‚ğŸ˜‚,1,enjoyment
per nhá»› cÃ¡i báº¿p huyá»n thoáº¡i cá»§a 2 Ä‘á»©a mÃ¬nh he,2,enjoyment
nam chÃ­nh Ä‘áº¹p . ná»¯ chÃ­nh hÆ¡i giÃ  . náº¿u ná»¯ chÃ­nh lÃ  1 diá»ƒn viÃªn dá»ƒ thÆ°Æ¡ng thÃ¬ xem hay hÆ¡n nhiá»u,1,disgust
chuyá»ƒn cáº£nh nhanh quÃ¡ lÃ m tao theo khÃ´ng ká»‹p luÃ´n Ã¡,6,Others
tháº­t Ã½ nghÄ©a vÃ  háº¡nh phá»¥c cho 2 ngÆ°á»i há» . nhÆ°ng Ä‘Ã¢u Ä‘Ã³ trong tao váº«n tháº¥y cÃ¡i gÃ¬ Ä‘Ã³ nÃ³ tá»Ÿm lá»£n vÃª lá» ğŸ¤”ğŸ¤”ğŸ¤”,1,disgust
cu Ìƒ ngÆ°á»i it xa Ì€ mÃ y lÄƒ Ì mÃ y ..,1,disgust
ai cÅ©ng kiáº¿m Äƒn thui ... hy vong qua video nay má»i ngÆ°Æ¡i sá»‘ng cÃ³ Ã½ thá»©c hÆ¡n ... Ä‘Æ°ng xem Ä‘á»“ng tiá»n cá»§a minh to quÃ¡,1,others
"chá»­i váº­y cÅ©ng bÃ¬nh thÆ°á»ng mÃ  má»i ngÆ°á»i cá»© lÃ m quÃ¡ . máº¹ tao cÅ©ng suá»‘t ngÃ y chá»­i tao , tao tháº¥y vui mÃ  .",2,enjoyment
"t Ä‘á» nghá»‹ tá»¥i mÃ y tráº£ cÃ¡i Ä‘Ä©a bay cho con bÃ© Ä‘i nghe , tá»›i ca mÃ  vÃ o Ä‘iá»u tra thÃ¬ tá»¥i mÃ y má»‡t :))",4,anger
tháº¿ nÃªn thá»• lá»™ trá»±c tiáº¿p váº«n hÆ¡n lÃ  tin nháº¯n .,4,Others
tá»« lÃºc cÃ³ vá»£ nhiá»u vÃ¡y máº·c Ä‘á»ƒ quay video háº³n :)))))),2,enjoyment
ngÆ°á»i viá»‡t nam mÃ£i mÃ£i cÅ©ng chá»‰ lÃ  bá»n háº¡ cáº¥p so vá»›i nÆ°á»›c ngoÃ i vÃ¬ Ã½ thá»©c nhÆ° lol cÃ³ 100 nÄƒm sau thÃ¬ Ã½ thá»©c váº«n Ä‘el báº±ng,1,disgust
á»« nhÃ¬n rá»£n tháº­t =]]]],1,disgust
"Ä‘uma tao Ä‘ang á»Ÿ Ä‘áº¥y nÃ¨ , vá»«a Ä‘i vá»«a Ã´m tÃºi sá»£ cÆ°á»›p :((",3,fear
phÃ¡t hiá»‡n má»›i !!!,6,surprise
"ai cÅ©ng chá»‰ muá»‘n cho con táº¥t cáº£ nhÆ°ng vÃ¬ Ä‘Æ°á»£c khÃ´ng cÃ³ mÃ  thÃ´i , cÃ³ con thÃ¬ má»›i biáº¿t lÃ²ng cha máº¹",5,Sadness
moáº¹ ! nghe cÃ¡i tÃªn Ä‘Ã£ háº¥p con máº¹ nÃ³ dáº«n láº¯m rá»“i Ä‘Ã¢y nÃ y ! Ä‘jln ??????,2,disgust
per khÃ´ng bao giá» quÃªn Ä‘Æ°á»£c hihi,2,enjoyment
nÃ³i cÃ¢u trÆ°á»›c Ä‘Ã¡ cÃ¢u sau váº«n lÃ  sai bÃ©t Ä‘Ãºng khÃ´ng cáº£ nhÃ ,1,Others
ngu ngÆ°á»i,1,disgust
nÃ³i xong cÃ²n cháº£ dÃ¡m Äƒn ná»¯a ğŸ˜‚ğŸ˜‚,3,enjoyment
cá»©u tao :(( tao sá»£ ráº¯n,3,fear
t tháº¥y tá»™i nghiá»‡p tháº±ng cáº£i,2,sadness
anh yÃªu Ä‘á»©a bÆ°á»›ng láº¯m vÃ¬ má»—i láº§n em bÆ°á»›ng lÃ  anh treo em lÃªn sÃ n nhÃ  Ä‘áº­p mÃ¡t tay,4,disgust
chá»‰ má»›i há»i vá» ngÆ°á»i khÃ¡c giá»›i cÃ¡i lÃ  bá»‹ gÃ¡n lÃ  thÃ­ch báº¡n Ä‘Ã³ luÃ´n mÃ­ sá»£ :(,5,fear
tá»‘i mÃ  táº¯t Ä‘Ã¨n gáº·p máº·t nÃ³ vá»›i cáº·p máº¯t nÃ³ lÃ  tao cÃ²n sá»£ hÆ¡n tháº¥y ma,3,fear
cÃ´ng nháº­n chá»¯ Ä‘áº¹p . ğŸ¤§,2,enjoyment
Ã¡o phÃ´ng dá»… thÆ°Æ¡ng quÃ¡ anh Æ¡iiii,2,enjoyment
cÃ²n nhiá»u ngÆ°á»i cÃ³ cuá»™c sá»‘ng khá»‘n khá»• hÆ¡n ta :),5,sadness
mÃ¨o nhÃ  em thÃ¬ cho tiá»n cÅ©ng khÃ´ng ra khá»i cá»­a,4,Others
Ä‘Ã o Ä‘Ãºng chÃ³ cáº­y chá»§ =))),1,enjoyment
:v crush cÃ³ ngÆ°á»i yÃªu rá»“i,5,sadness
cÃ¡i con Ä‘á»“ chÆ¡i Ä‘Ã³ mua á»Ÿ Ä‘Ã¢u nhá»‰ . cÆ°á»i Ä‘Ã©o nháº·t Ä‘Æ°á»£c má»“m . ğŸ˜‚ğŸ˜‚ğŸ˜‚,2,enjoyment
nghÄ© láº¡i ngÃ y xÆ°a cÅ©ng nhÆ° 2 Ä‘á»©a nhá» ??,4,nostalgia/other
hÃ´m nay quÃªn vÃ o Ä‘á»c bÃ¬nh luáº­n trÆ°á»›c !! tÃ­nh xem con nhá»‡n nÆ°á»›c báº¡n khÃ¡c nhá»‡n nÆ°á»›c mÃ¬nh nhÆ° tháº¿ nÃ o ! ai ngá» Ä‘Ã¢u khÃ¡c xa quÃ¡ !! d mÃ y mÃ y adm Æ¡i lÃ m háº¿t há»“n !!,0,Anger
mÃ¡ cÆ°á»i á»‰a luÃ´nn,2,disgust
1 nÄƒm láº­t tÃ u tráº­t Ä‘Æ°á»ng ray cá»§a váº­n táº£i Ä‘Æ°á»ng sáº¯t viá»‡t nam !,4,surprise
"mÃ y lÃ m tao nhá»› em gÃ¡i ghÃª , mai sinh nháº­t con bÃ© rá»“i mÃ  tao Ä‘ang Ä‘i lÃ m xa nhÃ  , khÃ´ng vá» Ä‘Æ°á»£c .......... ğŸ˜‘",5,sadness
cÃ¡i cÃ¢u liáº¿m cá»§i chá» sao sai Ä‘Æ°á»£c nhá»‰,4,disgust
chá»‰ cáº§n nghÄ© tá»›i cáº£nh Ä‘Ã³ lÃ  mÃ¡u kinh sÃ´i trÃ o nhÆ° nÃºi lá»­a ğŸ˜‚ğŸ˜‚ğŸ˜‚,0,enjoyment
tÆ° Ì€ hÃ´ Ì€ i ba Ì£ n Ã¢ Ì y chuyÃª Ì‰ n trÆ°Æ¡ Ì€ ngÆ°á»i thi Ì€ chÄƒ Ì‰ ngÆ°á»i co Ì€ n ai Ä‘Ã´ Ì i xÆ° Ì‰ tÃ´ Ì tao vÆ¡ Ì i tao nhÆ° vÃ¢ Ì£ y nÆ° Ìƒ anh . :(,5,Sadness
Ä‘á»£i chÃºng nÃ³ Ä‘ang Äƒn láº¥y xe cá»©u há»a phun nÆ°á»›c Ã´i tao hÃ¬nh dung ra cáº£nh Ä‘Ã³ tháº­t tuyá»‡t,2,enjoyment
Ä‘Ã£ check in thÃ nh cÃ´ng vÃ  mÃ£i váº«n chÆ°a gáº·p Ä‘Æ°á»£c ngÆ°á»i áº¥y lÃ  ai :((,5,sadness
Ä‘Ã´i khi thÃ­ch nÃ³i chuyá»‡n chá»‰ vÃ¬ nÃ³i chuyá»‡n há»£p vÃ  vÃ¬ thÃ­ch nÃ³i chuyá»‡n chá»© tháº­t ra cháº£ pháº£i yÃªu Ä‘Æ°Æ¡ng hay thÃ­ch kiá»ƒu trai gÃ¡i gÃ¬,4,enjoyment
"mÃ¬nh tháº¥y sá»£ máº¥y con ráº¯n quÃ¡ trá»i , mÃ  cÃ¡i gÃ¬ mÃ¬nh sá»£ lÃ  mÃ¬nh hay muá»‘n tiÃªu diá»‡t -))",3,fear
hÃºt Ã­t thÃ´i vÃ  hÃ£y chÃ­ch nhiá»u hÆ¡n ğŸ˜,1,others
"em cÅ©ng nhÆ° con chÃ³ thÃ´i , náº¿u anh Ä‘á»§ kiÃªn nháº«n thÃ¬ má»i chuyá»‡n Ä‘Ã£ khÃ¡c rá»“i ğŸ˜ª",5,sadness
per khi trong ngÆ°á»i khÃ³ á»Ÿ thÃ¬ nÃªn vÃ o Ä‘Ã¢y . Ä‘á»™ng lá»±c Ä‘á»ƒ nÃ´n,1,others
Ãª tao Ä‘i nháº­t chÆ°a Ä‘Æ°á»£c 1 nÄƒm mÃ  xem video nÃ y lÃ m tao loáº¡n ngÃ´n ngá»¯ ghÃª . thá»‰nh thoáº£ng pháº£i dá»«ng video ngáº«m cÃ¢u nÃ³ nÃ³i nghÄ©a gÃ¬,3,fear
"vá» thÃ´i , nghá»‰ ngÆ¡i rá»“i ná»Ÿ rá»™ tiáº¿p",4,enjoyment
Ã´ng máº·t trá»i dá»… thÆ°Æ¡ng hha,2,enjoyment
váº­y nÃªn cá»© lá» Ä‘i mÃ  sá»‘ng tiáº¿p,4,sadness
váº­y vÃ i bá»­a trá»i náº¯ng mÃ¬nh khÃ´ng mang quáº§n náº±m dÆ°á»›i náº¯ng cho nÃ³ ná»Ÿ ra :)),4,enjoyment
nhá»¯ng cá»­ chá»‰ Ä‘áº¹p lÃ m tá»« thiá»‡n cho ngÆ°á»i nghÃ¨o hay thiáº¿u Ä‘áº¿n láº¥y thá»«a Ä‘i Ä‘áº¿n cho,2,enjoyment
Ã½ tÆ°á»Ÿng hay ğŸ˜‚,2,enjoyment
cáº£ tháº¿ giá»›i tháº¥y hay trá»« tao,4,sadness
toÃ n máº¥y con lá»£n kÃ½ gá»­i vá»›i xÃ¡ch tay thÃ¬ Ä‘á»£i Ä‘áº¥y mÃ  xáº¿p háº¡ng :)),1,disgust
nhanh vÃ£i má»›i tháº¥y xong,4,enjoyment
sá»£ quÃ¡ Ä‘i,3,fear
tao Ä‘Ã¢y chá»© cÃ²n ai,4,Others
báº±ng cá»§i thÃ¬ tao náº¥u suá»‘t cho tá»›i táº­n bÃ¢y giá» cÃ²n báº±ng rÆ¡m thÃ¬ chÆ°a tá»«ng :v,4,enjoyment
tháº¥y dÃ²ng nÃ y quen quen . tháº¥y Ä‘á»c bÃ¬nh luáº­n cá»§a ai Ã¡ . haha . buá»“n cÆ°á»i ğŸ¤£ ğŸ¤£ ğŸ¤£,2,enjoyment
tuy chÆ°a viáº¿t háº¿t nhÆ°ng tao ngÆ°á»i khÃ¡c sáº½ hiá»ƒu lÃ  viáº¿t cÃ¡i gÃ¬,2,Others
lÃ m á»Ÿ Ä‘Ã¢u cÅ©ng váº­y cÅ©ng cÃ³ Ä‘áº§y ráº«y nhá»¯ng khÃ³ khÄƒn nhÆ°ng trá»ng hÆ¡n lÃ  lÃ m cÃ¹ng nhá»¯ng Ä‘á»“ng nghiá»‡p nhÆ° tháº¿ nÃ o,4,others
khÃ´ng nha cáº­u :) mÃ¬nh Ä‘i bÃ¬nh thÆ°á»ng nha =)),2,enjoyment
bÃ¡c khÃ´ng á»Ÿ láº¡i lÃ m tÃ´ phá»Ÿ Ä‘Ã£ ğŸ™ƒğŸ™ƒğŸ™ƒ,4,enjoyment
per tao tháº¥y máº¥y áº£nh tháº­t Ä‘áº¹p trai,2,enjoyment
do mÃ y ngu Ä‘Ã©o ghi chá»— khÃ¡c :)),1,Anger
"phÃ m viá»‡c quan trá»ng trong thiÃªn háº¡ , cá»© vá» há»i vá»£ , vá»£ nÃ³i sao cá»© lÃ m ngÆ°á»£c láº¡i cháº¯c cháº¯c sáº½ Ä‘Ãºng !",2,enjoyment
Ã  ra lÃ  ngá»©a máº¯t vÃ¬ ngÆ°á»i ta Ä‘á»— Ã´ tÃ´ mÃ  khÃ´ng pháº£i tráº£ tiá»n . khi nÃ o ngÆ°á»i ta máº¥t tiá»n má»›i hÃ i lÃ²ng .,1,disgust
cÃ¡i toilet hay nhá»‰ vÃ o Ä‘áº¥y Ä‘Æ°á»£c thoáº£i mÃ¡i nhÃ¬n nhau mÃ  trÃ² chuyá»‡n trong lÃºc á»‹ ... :),6,enjoyment
dá»… thÆ°Æ¡ng ha,2,enjoyment
chia buá»“n cÃ¹ng khá»• chá»§,5,sadness
cao su Ä‘Ã³ khai tháº¯c lÃ m sao cÃ³ má»§,4,disgust
sao mÃ  cÃ³ nhiá»u ngÆ°á»i ngu quÃ¡ . Ä‘áº­u xe xÃ¡t Ä‘Æ°á»ng ray xe lá»­a . cÃ²n máº¥y thg bÃ¬nh luáº­n cÅ©ng ngu theo xe lá»­a cháº¡y theo Ä‘Æ°á»ng ray mÃ  kÃªu nÃ³ báº» lÃ¡i qua chÃºc xÃ­u . báº» Ä‘i Ä‘Ã¢u Ä‘Æ°á»£c mÃ  báº»,1,anger
chÃ¡u xl Ã´ng trÆ°á»›c . chÃ¡u cÅ©ng khÃ´ng cÃ³ Ã­ gÃ¬ chÃª bai Ä‘Ã¢u áº¡ . nhÆ°ng chÃ¡u nhÃ¬n mÃ³ng dÃ i báº©n quÃ¡ . Ä‘ang Äƒn mÃ  chÃ¡u cÅ©ng run run .,1,disgust
giá» cá»© thÃ nh láº­p cÃ¡c tá»• an ninh . báº¯t Ä‘Æ°á»£c bao nhiÃªu . chiÃªn free cho cÃ¡c tiá»‡m bia háº¿t lÃ  bao tuyá»‡t chá»§ng ğŸ˜‚ğŸ˜‚,2,disgust
cay vÃ  Ä‘áº¯ng nghe máº¥y Ã´ng lá»›n tuá»•i toÃ n kÃªu tháº¿ thÃ´i,2,disgust
"lÃ m video thÃ¬ Äƒn bá»›t cháº¯p cháº¯p nhÆ° heo láº¡i , Ä‘ang coi nghe Äƒn phÃ¡t máº¥t con máº¹ nÃ³ há»©ng , vÃ´ duyÃªn",1,disgust
cha máº¹ tao cÃ²n cÃ£i lá»™n nhau vÃ¬ khÃ´ng biáº¿t ngÃ y sinh thÃ¡ng sinh cá»§a tao lÃ  dÆ°Æ¡ng hay Ã¢m ğŸ˜¢ğŸ˜¢,5,sadness
ngÆ°á»i ta Ä‘Ã£ pháº£i bá» tiá»n . bá» sá»©c ra má»›i cÃ³ bá»¯a cÆ¡m tá»« thiá»‡n nv mÃ  cÃ²n cÃ³ nhá»¯ng ngÆ°á»i vÃ´ Ã½ thá»©c nhÆ° váº­y,1,disgust
oaaaaaaa ...... thá»±c sá»± ráº¥t táº¡o Ä‘á»™ng lá»±c vÃ  niá»m tin cho ngÆ°á»i khÃ¡c Ä‘Ã³ < 3 ráº¥t thÃ­ch ná»¥ cÆ°á»i vÃ  sá»± thoáº£i mÃ¡i tá»± tin cá»§a anh chá»‹ < 3,2,enjoyment
nhá»› Ä‘áº¿n láº¡i buá»“n . chuyá»‡n tÃ¬nh chÃºng ta cháº³ng Ä‘i Ä‘Æ°á»£c Ä‘áº¿n Ä‘Ã¢u cáº£,5,sadness
xuáº¥t sáº¯c quÃ¡,6,enjoyment
nhÃ  tao váº«n náº¥u . Ã  mÃ  lÃ¢u lÃ¢u tao vá» náº¥u má»™t láº§n thÃ¬ khÃ´ng chÃ¡y cÅ©ng nÃ¡t,5,enjoyment
thiáº¿t káº¿ Ä‘áº¹p quÃ¡,6,enjoyment
per khÃ´ng nháº­n dáº¡ng Ä‘Æ°á»£c máº·t báº£ luÃ´n,6,disgust
18t Ä‘á»§ trÃ¡ch nhiá»‡m phÃ¡p lÃ½ rá»“i ğŸ˜,4,enjoyment
vÃ´ há»c !ğŸ˜¡ğŸ˜¡ğŸ˜¡. tÃ½ tuá»•i tÆ°á»Ÿng váº­y lÃ  hay !,1,anger
ai thá»­ rá»“i cho xin táº¥m hÃ¬nh cÃ¡i coi nÃ o,4,enjoyment
"bá»‘ máº¹ thÃ¬ cÃ²ng lÆ°ng nuÃ´i Äƒn há»c váº¥t váº£ khÃ´ng mua Ä‘Æ°á»£c thÃ¬ thÃ´i , báº¥t háº¡nh cÃ¡i gÃ¬ , báº¥t háº¡nh cÃ¡i gÃ¬",0,sadness
"Ä‘Ãºg lÃ  dÃ¢n miá»n tÃ¢y , chÆ°a nÃ³i Ä‘Ã£ chá»­i tá»¥c rá»“i . váº­y mÃ  cÅ©g Ä‘Äƒg lÃªn Ä‘Æ°á»£c . á»Ÿ gáº§n phÃ²ng máº¥y ngÆ°á»i nÃ y , Ä‘áº§u mÃ¬nh khÃ´ng yÃªn Ä‘Æ°á»£c .",1,disgust
nÃ³ tháº£ thÃ­nh xong nÃ³ cháº¡y máº¥t ..,5,sadness
bá»‹ nÃ³ cháº·n Ä‘áº§u máº¥y láº§n khÃ³c sÆ°á»›t mÆ°á»›t luÃ´n . máº¥y con yÃªu nghiá»‡t nÃ y cÃ²n dá»¯ hÆ¡n chÃ³,3,Sadness
lÃ² xo cháº¯c giá» khÃ´ng cÃ²n ná»¯a rá»“i,5,sadness
chÆ¡i cÃ¡i trÃ² máº¥t dáº¡y :)),0,enjoyment
trong luÃ¢ Ì£ tao co Ì khung hi Ì€ nh pha Ì£ tao bÄƒ Ì n khÃ´ng . ghÃª tÆ¡ Ì‰ mÃ y con qua Ì i na Ì€ y qua Ì,1,Anger
tao chá»‰ lÃªn ngáº¯m cáº£nh tÃ­ xÃ­u mÃ  mÃ y cÅ©ng dÃ¬m tao :)))),5,Anger
tim vá»¡ nÃ¡t,5,sadness
cÃ³ biáº¿t giáº­n lÃ  gÃ¬ Ä‘Ã¢u ğŸ˜ŒğŸ™‚,4,others
lÆ°Æ¡ng nÃ y lÃ  tÃ­nh luÃ´n quÃ¡ trÃ¬nh tham nhÅ©ng Äƒn bá»›t Äƒn xÃ©n rá»“i Ä‘Ã³ ! tá»¥i mÃ y chÆ°a Ä‘á»§ trÃ¬nh Ä‘Ã³ thÃ¬ láº¥y tÆ° cÃ¡ch gÃ¬ nÃ³i ngÆ°á»i ta nÃ³i xáº¡o ?,1,anger
per khÃ´ng láº¥y Ä‘Æ°á»£c vá»£ thÃ¬ cÃ³ thá»ƒ Ä‘i tÃ¢p gym Ä‘Ãªt láº¥y chá»“ng ğŸ˜ğŸ˜,2,enjoyment
Ä‘Ã©o thá»ƒ tin tÆ°á»Ÿng má»™t ai Ä‘Æ°á»£c,4,disgust
thÃ¡i Ä‘á»™ lá»“i lÃµm cÃ³ ngÃ y rÄƒng rá»¥ng Ä‘áº§y Ä‘Æ°á»ng Ä‘áº¥y =)),1,disgust
thá»­ Ä‘á»¥ng vÃ´ tao coi dume máº¥y tháº±ng lol cáº·n bÃ£,0,anger
cháº¯c anh pháº£i Ä‘Ã¡ng yÃªu láº¯m luÃ´n Ã½ nhá»ƒ ğŸ¤—ğŸ¤—,2,enjoyment
muá»‘n báº£o vá»‡ vÃ  chÄƒm sÃ³c ngÆ°á»i Ä‘áº¥y,2,Others
háº¿t sá»©c nguy hiá»ƒm vÃ  cÃ³ pháº§n dáº¡i dá»™t !,1,fear
"Ã´i thÃ´i , cÆ°ng quÃ¡ :v",2,enjoyment
nghe ká»ƒ mÃ  thÃ¨m áº¡ :'(,5,sadness
"per vÃ£i xem pháº£i cá»¡ nÃ y . , Ä‘oáº¡n nÃ³ nháº¿ch mÃ´i bá»‘ mÃ y sá»£ suÃ½t Ä‘Ã¡i ra quáº§n dume ğŸ˜‘",3,disgust
tao . Ä‘Ã´i lÃºc nghÄ© láº¡i thÃ¬ tao váº«n tháº¥y sá»£ tao lÃºc tá»©c giáº­n .,3,fear
nÃ³ mÃ  lÃ  Ä‘áº·c vá»¥ tháº­t thÃ¬ láº¡i ngá»› ngÆ°á»i ğŸ˜‚,4,enjoyment
cÃ¡c chÃ ng trai cá»§a tÃ´i vá» Ä‘áº¿n nhÃ  chÆ°a ??,4,Others
liá»‡u cÃ³ cÃ²n tá»“n táº¡i cÃ´ gÃ¡i nÃ o cháº¥p nháº­n má»™t tháº±ng vá»«a nghÃ¨o vá»«a xáº¥u Ä‘áº·c biá»‡t láº¡i cÃ²n yáº¿u sinh lÃ½ nhÆ° tÃ´i khÃ´ng,5,"self-deprecation, insecurity"
per quan tÃ¢m per nhÆ° lÃ  1 Ä‘á»©a em gÃ¡i thÃ´i . Ä‘á»«ng cÃ³ mÃ  áº£o tÆ°á»Ÿng nha .,4,disgust
vÃ¬ ghÃ©t nhau thÃ´i,1,disgust
má»™t con ngá»±a hoang Ä‘Ãºng nghÄ©a ..... Ä‘áº§y tÃ i nÄƒng nhÆ°ng Ä‘ang tiáº¿c lÃ  khÃ´ng gáº·p Ä‘Æ°á»£c hlv vÃ  nhá»¯ng Ä‘á»“ng Ä‘á»™i há»‰u mÃ¬nh,2,sadness
há»i Æ¡i ... cÆ°ng xÄ©u,2,enjoyment
t chá»‰ chá» Ä‘áº¿t lÃºc nÃ³ lÃ´i ra xem Ä‘Æ°á»£c cá»¥c to nhÆ° ngÃ³n tay khÃ´ng,4,disgust
nuÃ´i kiá»ƒu Ä‘Ã©o gÃ¬ láº¡i Ä‘á»ƒ nÃ³ nhÆ° tháº¿ nÃ y ??? tháº±g chá»§ cÃ³ tÃ¢m há»“n thá»‘i rá»¯a Ã  ??,0,disgust
hÃºt cáº§n xong Ä‘Ãºng lÃ  Ä‘á»i toÃ n mÃ u há»“ng em nhá»‰ . nÃ³i cháº­m vÃ£i :)))),1,enjoyment
cá»¥c cuá»‘i khá»§ng bá»‘ vÃ£i váº­y :(,6,disgust
per xem xong hÃ¬nh nhÆ° tao má»›i bá»‹ thÃªm bá»‡nh tiá»ƒu Ä‘Æ°á»ng,5,Others
"máº¥t dáº¡y tá»« nhá» , Ä‘áº¹p máº·t khi bá»‘ máº¹ nÃ³ Ä‘ang ngá»“i xem tivi , cá»© tÆ°á»Ÿng hay",1,disgust
wow sáº£n pháº©m tá»‘t ngoÃ i mong Ä‘á»£i luÃ´n Ã¡,6,enjoyment
khÃ´ng cÆ°á»›p á»Ÿ Ä‘Ã¢u Ä‘i cÆ°á»›p ngÃ¢n hÃ ng cá»§a nhÃ  nÆ°á»›c ğŸ¤£ğŸ¤£ğŸ¤£ğŸ¤£,2,enjoyment
Ä‘áº¥y tháº¥y chÆ°a con ngÆ°á»i ta khá»• nhÆ° tháº¿,5,sadness
"quÃ ooo hay váº­y sao , chÃ  chÃ  =))))",6,enjoyment
nuá»‘t Ä‘Æ°á»£c cá»¥c tiá»n Ä‘Ã³ cÅ©ng hay Ä‘Ã³ ( y ),2,enjoyment
mÃ y nhá»› Ä‘áº·t báº¡n Ã½ cho nhá»¯ng láº§n gá»i sau nhÃ© !,4,Reminder/Neutral
nhiá»‡t tÃ¬nh cá»™ng ngu dá»‘t báº±ng phÃ¡ hoáº¡i,1,anger
lá»—i táº¡i cÃ¡i gáº­y thÃ´i mÃ  ğŸ¤£ğŸ¤£ğŸ¤£,4,enjoyment
háº£ háº£ .. tá»›i giá» Äƒn háº£,6,enjoyment
"chÆ°a tá» tÃ¬nh vá»›i ai bao giá» , nhÆ°ng tao bá»©c xÃºc vá»›i nhá»¯ng ngÆ°á»i khÃ´ng tÃ´n trá»ng quyá»n riÃªng tÆ° nhÆ° váº­y",0,anger
"má»—i láº§n nÃ³ cáº¯t thÃ¬ tao khÃ´ng muá»‘n tháº¥y máº·t nÃ³ má»™t tuáº§n , nhÃ¬n xáº¥u vÃ£i",1,disgust
"t Ä‘Ã©o hiá»ƒu ai bÃ y ra cÃ¡i nÃ y . xÃ m lol cháº¿t máº¹ . ngÆ°á»i ta viáº¿t nháº¡c cho nghe rá»“i lÃ m video xÃ m , mÃ y thá» lÃ  khÃ´ng hÃ¡t theo Ä‘i",1,anger
"con quá»· nÃ y dÃ­ bao dai ... thÃ¹ dai hÆ¡n cáº£ chÃ³ , tuá»•i thÆ¡ Ä‘i ngang qua báº§y ngá»—ng lÃ  y nhÆ° ráº±ng Ä‘Ãºng con quá»· Ä‘Ã³ nÃ³ dÃ­ tao",0,disgust
nhÃ¬n lÃ  biáº¿t Ä‘á» chÃ³t rá»“i,4,disgust
Ä‘á»±ng tÃºi nilon lÃ  cháº¥t rá»“i ğŸ¤£,2,enjoyment
"tan rÃ£ háº¿t rá»“i , giá» toÃ n Ä‘Ã¡nh láº» thÃ´i ğŸ˜­ğŸ˜­ğŸ˜­",5,sadness
Äƒn há»c bao nhiÃªu nÄƒm rá»“i mÃ  váº«n ngu,1,disgust
cÃ¡i lol máº¹ Ä‘Ã³ng vÃ o má»“m thÃ¬ cÃ³ á»Ÿ Ä‘áº¥y mÃ  Ä‘Ã³ng bÄƒng,0,disgust
khoáº£nh kháº¯c tao nháº­n ra tao Ä‘Ã£ tá»«ng rÆ¡i vÃ o hoÃ n cáº£nh báº¿ táº¯c nÃ y ğŸ˜ŒğŸ˜Œ,5,sadness
t nÃ³i tÃ© 1 cÃ¡i khÃ´ng dáº­p má» thua gÃ¬ cÅ©g thua ..,3,anger
"cÃ¡i nÃ y mÃ  Ä‘Æ¡n giáº£n ? chá»‹ Ã  , lÃ  chá»‹ nghÄ© Ä‘Æ¡n giáº£n thÃ´i =]]]]",1,enjoyment
tao á»Ÿ thanh hÃ  vÃ  nhÃ  tao khÃ´ng quáº£ váº£i nÃ o háº¿t ğŸ˜‚,5,enjoyment
hÃ£y mang cÃ´ áº¥y sang viá»‡t nam ngay,4,enjoyment
:)) tháº­t lÃ  kÃ¬ láº¡,6,enjoyment
"báº£ thÃ´i Ä‘Ã³ , gáº·m Ä‘i .",4,disgust
per tá»¥i bÃ¢y cÃ³ tháº¥y nÃ³ vÃ´ lÃ­ vlonee hÃ´ngg ğŸ™‚,1,disgust
"há» sÃ¡ng táº¡o , cáº£i cháº¿ cho Ä‘á»i thÃªm xanh thÃ¬ báº£o há» luá»“n cÃºi .",1,others
per thua lÃ  háº¿t cf Ä‘á»ƒ uá»‘ng .,4,disgust
Ä‘Æ¡n giáº£n váº­y thÃ´i lÃ  Ä‘á»§ â¤ï¸,2,enjoyment
mÃ y nÃ³i thÃ´i mÃ  tao nghÄ© cÅ©ng tháº¥y buá»“n rá»“i :(((,5,sadness
Ä‘Ã¡i máº¹ ra quáº§n,3,disgust
cÃ²n tÃ´i tá»± nhá»§ dÃ¹ lá»›p há»c tá»± Ã½ bá» vá» háº¿t tÃ´i cÅ©ng pháº£i á»Ÿ láº¡i há»c Ä‘áº¿n tiáº¿t cuá»‘i cÃ¹ng . háº¿t giá» tÃ´i cá»© ngá»“i Ä‘Ã³ rá»“i tá»« tá»« bÆ°á»›c cháº­m ra cá»­a ngoÃ¡i Ä‘áº§u nhÃ¬n láº¡i .,5,fear
lÃ m bÃ¡t phá»Ÿ Ä‘Ã£ bÃ¡c Æ¡i,4,enjoyment
"bá»‹ Ã¡m áº£nh há»“i bÃ© Ä‘i nhá»• rÄƒng , khÃ´ng dÃ¡m Ä‘i nha sÄ© ná»¯a :((( huhu ğŸ˜­ğŸ˜­",3,"fear, sadness"
tÃ´i trÆ°á»Ÿng thÃ nh vclll,2,others
"dáº­y táº¯t Ä‘á»“ng há»“ bÃ¡o thá»©c kÃ¬a , giá» nÃ y cÃ²n ngá»§ Ä‘Æ°á»£c Ã  :v",4,enjoyment
"lá»—i táº¡i cÃ¡i cÃ¢y hay lá»—i táº¡i anh , táº¡i anh náº·ng quÃ¡ nÃªn cÃ¢y ....",1,anger
"tá»± nhiÃªn tháº¥y tá»¥i con gÃ¡i khÃ³c tu tu , tháº¿ lÃ  mÃ¬nh lá»§i ra gháº¿ Ä‘Ã¡ trÆ°á»›c lá»›p ngá»“i . tá»± nhiÃªn cÃ´ dáº¡y vÄƒn cÅ©ng ra theo xong Ã´m mÃ¬nh khÃ³c ,",5,sadness
Ä‘áº¿n Ã´ng cÅ©ng cháº³ng dÃ¡m xÆ¡i,3,fear
hiáº¿u nghÄ©a . nhÃ¬n cÃ¡i nÃ y nhá»› máº¯c cÆ°á»i mÃ¡ Ä‘Ã o chÃºc quÃ¡ ğŸ˜€ğŸ˜€ğŸ˜€,2,enjoyment
Ã´i trá»i nguy hiá»ƒm tháº¿,3,fear
tá»™i cho máº¥y tháº±ng Ä‘ang xoay tiá»n mua bÃ¡nh trung thu cho vá»£ tháº±ng khÃ¡c Äƒn,5,disgust
máº¥y tháº±ng á»Ÿ ngoÃ i bÃ¬nh luáº­n gáº·p tao tao xÃ© má» tá»«ng Ä‘á»©a . cha máº¹ Ä‘Ã©o dáº¡y Ä‘á»ƒ xÃ£ há»™i dáº¡y nhÃ© . cÃ²n phÃ¨n láº¯m,0,anger
dá»¡n ngu gáº·p nhá»¯ng tg yáº¿u tim Ä‘Ã¹a kiá»ƒu nÃ y nÃ³ lÃªn cÆ¡n lÄƒn Ä‘Ã¹ng ra Äƒn cho háº¿t ...,1,disgust
cÆ°á»i á»‰a :)),2,enjoyment
trÆ°á»›c em cÅ©ng háº¯t xÃ¬ 1 cÃ¡i lÆ°ng khá»¥ xuá»‘ng nhÆ° Ã´ng giÃ  Ä‘au vÃ£i,5,disgust
"thÃ´i xong 1 chiáº¿c Ã´to . cháº¯c tá»‘i nay Äƒn khÃ´ng ngon , nháº­u khÃ´ng yÃªn rá»“i .",5,sadness
cuteeeeeee ğŸ˜ŠğŸ˜ŠğŸ˜ŠğŸ˜ŠğŸ˜Š,2,enjoyment
bÃ  tao máº¥t rá»“i :<,5,sadness
nÃ³ cÆ°á»i mÃ  muá»‘n rá»¥ng tim ğŸ˜‚ğŸ’”,2,enjoyment
ui cÃ²n chÆ°a ká»‹p Ä‘i xem Ä‘Ã£ rÃºt rá»“i :((,5,sadness
"con Ä‘Ä© mÃ¨o máº¥t dáº¡y ! gáº·p tao tao Ä‘Ã¡ cÃ¡i mÃ y , dÃ¡m Ä‘Ã¡nh con thá» cá»§a tao , bá»Ÿi tao ghÃ©t vxl",0,anger
em áº¥y cÃ²n viáº¿t Ä‘áº¹p hÆ¡n mÃ¬nh luÃ´n Ã¡,6,admiration
em chÃ¢n thÃ nh nÃªn em tá»•n thÆ°Æ¡ng !,5,sadness
dume mÃ¬nh tÆ°á»Ÿng tinh trÃ¹ng :),1,Disgust
bÃ©o quÃ¡ khÃ´ng ai yÃªu thÃ¬ vá» Ä‘Ã¢y em nuÃ´i nÃ¨,4,disgust
rÃºt kinh nghiá»‡m nÄƒm ngoÃ¡i ğŸ˜‚ğŸ˜‚ğŸ˜‚ğŸ˜‚ğŸ˜‚ğŸ‘ğŸ‘ğŸ‘,2,enjoyment
Ä‘ biáº¿t tÃ¬nh yÃªu lÃ  gÃ¬ mÃ  Äƒn rá»“i cá»© Ä‘i tháº£ thÃ­nh Ä‘áº­u mÃ¡,1,disgust
per mÃ³c lÃªn tá»›i nÃ£o :)),3,enjoyment
sá»£ vÃ£i ná»“i tao cÃ²n tg tháº±ng kia bay ra cÆ¡ :)))),3,fear
cÅ©ng Ä‘Ãºng :)),2,enjoyment
tao nghe nÃ³i Ä‘á»©a bÃ© cÃ²n nhá» lÃ  khÃ´ng Ä‘Æ°á»£c chá»¥p hÃ¬nh Ä‘Ã¢u mÃ y,4,anger
bá»‹ báº¯t náº¡t im re hÃ  hiá»n khÃ´ luÃ´n tháº¥y tá»™i nghiá»‡p ai dÃ¨ tá»›i chá»«ng ...... ha ha ha,2,sadness
má»›i yÃªu thÃ´i nhÃ¡ yÃªu lÃ¢u rá»“i chÃ¡n nhau rá»“i Ã¡ thá»­ xem Ä‘Æ°á»ng Ä‘á»©a nÃ o Ä‘á»©a Ä‘áº¥y Ä‘i,4,enjoyment
"con bá»‘ máº¹ nÃ o khÃ´ng dáº¡y Ä‘Æ°á»£c Ä‘á»ƒ xÃ£ há»™i dáº¡y cho , bá»‘ máº¹ báº¥t há»£p tÃ¡c Ä‘á»ƒ lÃ ng xÃ³m há»£p tÃ¡c",1,disgust
"tháº±ng lÃ¡i tÃ u quÃ¡ Ä‘Ã¡ng , báº» lÃ¡i qua tÃ½ cÃ³ sao Ä‘Ã¢u :))",1,anger
Ä‘á»«ng Ä‘Ã¹a vá»›i nÆ°á»›c báº¡n,4,fear
tiá»n máº¥t táº­t mang . xe Ä‘Ã£ nÃ¡t rá»“i giá» cÃ²n pháº£i Ä‘á»n cÃ¡ch cá»­a cho tÃ u ná»­a,5,sadness
Æ°ng dÃ£ man luÃ´n,2,enjoyment
ráº¥t cÃ³ thá»ƒ nÃ³ Ä‘ang pr trÃ¡ hÃ¬nh Ä‘á»ƒ bÃ¡n hÃ ng,4,Others
per máº¯c dáº¡i quÃ¡ mÃ ,1,disgust
per láº¡i láº­t ná»¯a háº£,6,anger
cÃ¡c em tháº­t lÃ  vÃ£i,1,disgust
cáº§m cÃ¡i bÃºa ra,4,anger
per váº½ á»• Ä‘iá»‡n bÃ¡ vÃ£i em áº¡ ğŸ˜‚,6,enjoyment
tháº¿ khÃ´ng Ä‘áº¡t Ä‘Æ°á»£c gÃ¬ Ã ,6,disappointment/sadness
cuá»™c sá»‘ng táº¡o ta Ã¡p lá»±c ..,3,sadness
tÆ° tÆ°á»Ÿng Ä‘á»™t phÃ¡ Ä‘áº¥y chá»©,6,enjoyment
Ä‘á»‘i vá»›i tÃ¬nh yÃªu thÃ¬ thá»i gian cÃ³ tÃ¡c dá»¥ng xÃ¢y Ä‘áº¯p chá»© khÃ´ng cÃ²n lÃ  phÃ¡ huá»· má»i thá»© ná»¯a . ngÆ°á»¡ng má»™ hai Ã´ng bÃ  â¤ï¸â¤ï¸â¤ï¸,2,enjoyment
"thá»i Ä‘i há»c tao cÃ²n bá»‹ báº¡t tai vá»›i báº¯t quá»³ trÃªn bá»¥c giáº£ng luÃ´n , tá»™i phÃ¡ , nhÆ° nÃ y tháº¥m gÃ¬ Ä‘Ã¢u :3 phá»¥ huynh ngÃ y nay cá»© lÃ m quÃ¡ lÃªn",1,disgust
bÃ¢y giá» tháº¿ má»›i biáº¿t tÃ¡c dá»¥ng cá»§a con cÃ¡i ğŸ˜¢,5,sadness
Ä‘Ã¢y lÃ  tháº±ng chÃ³,1,disgust
tráº» trÃ¢u viá»‡t nam tháº­t Ä‘Ã¡ng sá»£,3,fear
"ngÃ y Ä‘áº¹p trá»i lÃ  ngÃ y Ä‘Æ°á»£c nghá»‰ lÃ m , Ä‘i nhá»¯ng nÆ¡i mÃ¬nh thÃ­ch , vá»›i ngÆ°á»i mÃ¬nh thÆ°Æ¡ng , Äƒn nhá»¯ng mÃ³n Äƒn ngon . xong vá» Ã´m nhau ngá»§ :)))",2,enjoyment
mÃ y bá»‹ ngu háº£ Ä‘Ä© chÃ³ :) háº¿t chá»— viáº¿t Ã  :) thÃ­ch viáº¿t thÃ¬ tÃ¬m chá»— nÃ o Ä‘Ã©o trÃ´i Ã¡ :) hoáº·c mua giáº¥y vá» viáº¿t chá»© Ä‘á»‹t máº¹ viáº¿t rá»“i láº¡i viáº¿t lÃ m tao buá»“n mÃ y :),0,Anger
"t dá»n quÃ¡n hÃ¡t mÃ  muá»‘n diá»‡t sáº¡ch máº¥y con ngu :))) Ä‘uá»µt Äƒn sinh nháº­t mÃ  cá»¡ nÃ¡t háº¿t cá»‘c , bÃ´i bÃ¡nh háº¿t lÃªn gháº¿ bÃ n thÃ¬ ks , Ä‘Ã¢y bÃ´i cáº£ lÃªn loa , ti vi , tráº§n nhÃ  .... dume cÃ¡i :))) Ä‘á»“ Ä‘iá»‡n bÃ´i lÃªn Ä‘á»ƒ tao dá»n tao bá»‹ giáº­t cháº¿t Ã  :))",0,disgust
giÃ¡o viÃªn tiáº¿ng anh mÃ  khÃ´ng biáº¿t tiáº¿ng anh ?,1,disgust
tao cÃ³ hiá»ƒu Ä‘Ã©o gÃ¬ Ä‘au,5,disgust
sao khÃ´ng xÃºm láº¡i rá»‰a lÃ´ng tá»¥i Ä‘áº§u báº¿p nhá»‰ .,4,disgust
khang khang 1 thá»i cÃ¹ng nhau vui say ! bjo thÃ¬ khÃ¡c rá»“i thÃ¢n ai náº¥y lo há»Ÿ chá»‹ há»‘ há»‘ ;)),2,enjoyment
phÃ¡t hiá»‡n nghi váº¥n Ä‘á»• vá» :)),4,enjoyment
tuá»•i thÆ¡ báº¥t háº¡nh .. há»c máº«u giÃ¡o mÃ  cáº¡nh trÆ°á»ng há»c lÃ  1 báº§y ngá»—ng . sÃ¡ng nÃ o tao cÅ©ng Ä‘Æ°á»£c cháº¡y bá»™ táº­p thá»ƒ dá»¥c nhá» bá»n nÃ³,5,sadness
:v cÆ°á»›p xong trá»« khi Ã´ng bÆ¡i sÃ´ng . chá»© Ä‘i Ä‘Æ°á»ng :)))) vá»›i cÃ¡i bá»™ dáº¡ng Ä‘Ã³ . ai tráº£ tháº¥y :))),1,disgust
khÃ´ng biáº¿t Ã´ Ã½ cÃ³ nháº­n con nuÃ´i khÃ´ng nhá»‰ ?,4,unclear/neutral
"1 chÃºt Ä‘áº¯ng , chÃºt chua cay , vá»›i 1 chÃºt ngá»t ngÃ o á»Ÿ Ä‘Ã¢u Ä‘Ã³ ğŸ˜",5,sadness
quÃ¡ Ä‘au lÃ²ng nhÆ°ng chÃºng ta pháº£i cháº¥p nháº­n vá»›i Ä‘iá»u Ä‘Ã³,5,sadness
má»Ÿ ra mÃ  tháº¥y váº­y cháº¯c tao sá»£ quÃ¡ mÃ  cháº¿t luÃ´n máº¥t :),3,fear
ai lÃ m Ä‘Æ°á»£c cÃ¢y cáº§u khÃ³ Ä‘i nÃ y tÃ i quÃ¡,6,enjoyment
tÃ¬nh anh em tháº­t Ä‘Ã¡ng khÃ¢m phá»¥c ğŸ˜ğŸ˜ğŸ˜,2,enjoyment
xÃ m bÃ  cá»‘ luÃ´n ??????,1,disgust
chuáº©n bá»‹ Ä‘Ã³n chá» mÃ¹a nhiá»‡t miá»‡ng lÆ°á»¡i :v,4,enjoyment
per láº§n sau hÃ£y hÆ°á»Ÿng á»©ng cÃ¢u chuyá»‡n cá»§a tao nhÆ° nÃ y nÃ y,4,enjoyment
cÃ¡c chÃ¡u giá» lá»£i háº¡i quÃ¡ :<,2,enjoyment
báº¥t cÃ´ng,1,anger
chÆ°a bao giá» nghe ngÆ°Æ¡ Ì€ i ta chá»­i thá» mÃ  Ä‘Ã¡ng Ãªu Ä‘áº¿n váº­y lun =))!,2,enjoyment
ghi nguá»“n vÃ o page áº¡ :),4,Others
máº¥y Ä‘á»©a tháº¥y mÃ¬nh hiá»n nÃ³ lÃ m tá»›i hÃ  .. quÃ¡ Ä‘Ã¡ng láº¯m luÃ´n Ã¡ !,0,anger
mÃ y dek lÃ m Ä‘Æ°á»£c ghen ak,1,disgust
khÃ´ng Ä‘áº¥m vÃ o máº·t lÃ  may rá»“i :)),1,Others
chÆ°a bao giá» báº¯n trÃºng thá»© gÃ¬ ğŸ˜†.,2,enjoyment
chuáº©n rá»“i per dÃ¹ má»‡t má»i nhÆ°ng váº«n vui :))),4,enjoyment
tháº£ máº¹ tay ra :váº­y Ä‘áº±ng nÃ o em kia cÅ©ng khÃ´ng sá»‘ng ná»•i ğŸ˜…,4,enjoyment
khÃ´ng cÃ³ báº¡n trai ... thÃ¬ giáº­n ai ğŸ˜‘ğŸ˜‘,5,sadness
nÄƒm xÆ°a mÃ y cÅ©ng Ã´m gá»‘i Ä‘á»©ng cá»­a phÃ²ng c nhÆ° nÃ y nÃ y per ğŸ¤£ğŸ¤£ğŸ¤£,2,enjoyment
bÃ¡c báº£o vá»‡ nhÆ° lá»“n,1,disgust
dell hiá»ƒu sao ngÃ y sÆ°a tao cÃ³ thá»ƒ cáº§m nÃ³ trÆ°en tay Ä‘i cÃ¢u cÃ¡ ğŸ˜³ğŸ˜³ğŸ˜³ nhá»› láº¡i váº«n tháº¥y á»›n ğŸ˜‚,3,enjoyment
Ä‘áº¡p xe xÃ­u rÃ£ chÃ¢n Ã´ng nÃ y Ä‘áº¡p nhÆ° tay Ä‘ua xe,2,disgust
Æ¡ tháº¿ sai chá»— máº¹ nÃ o ná»¯a ??,6,anger
bá»n sá»‘ng tháº¥t Ä‘á»©c khÃ´ng cÃ³ tÃ¢m chÆ°a nÃ³i tá»›i táº§m ! báº£o sao tÃ¢m há»“n tráº» trÃ­ tuá»‡ kÃ©m phÃ¡t triá»ƒn áº£nh hÆ°á»Ÿng tá»›i thá»ƒ cháº¥t cÅ©ng nhÆ° tÃ¢m sinh lÃ­ trong tÆ°Æ¡ng lai,1,disgust
"cÅ©ng nhá» tháº§y kháº¯t khe uá»‘n nÃ©n bá» thÃ³i hÆ° táº­t xáº¥u , bÃ¢y giá» má»—i láº§n há»p lá»›p Ä‘á»u nháº¯c tá»›i tháº§y vÃ  vÃ´ cÃ¹ng kÃ­nh trá»ng",2,enjoyment
á»«m ngá»“i Ä‘áº¥t Ä‘á»¡ má»i chÃ¢m,4,Sadness
cÃ³ Ä‘á»©a nÃ o vá»«a coi vá»«a nuá»‘t nÆ°á»›c miáº¿ng nhÆ° tao khÃ´ng ?,2,enjoyment
tÆ° duy cá»§a há» hÆ¡n háº³n 1 cÃ¡i Ä‘áº§u ğŸ‘,2,enjoyment
"cáº¥p 1 hiá»n lÃ nh Ã­t nÃ³i , ngá»“i gáº§n 1 cÃ´ bÃ© cÃ¡i gÃ¬ cÅ©ng nhÆ°á»ng cÃ´ áº¥y , nhÆ°á»ng Ä‘áº¿n má»©c nhÆ°á»ng luÃ´n táº­p sÃ¡ch , Ä‘á»ƒ bÃ  giÃ  pháº£i dáº«n ra nhÃ  nÃ³ láº¥y láº¡i ! ğŸ˜‚ğŸ˜‚ğŸ˜‚",2,enjoyment
ngu nháº¥t nÄƒm,1,disgust
kiá»ƒu em sai rá»“i . a xin lá»—i em Ä‘i ğŸ˜‚ğŸ˜‚,2,enjoyment
chá»‰ mong Ã´ng trá»i sáº½ bÃ¹ Ä‘áº¯p cho con chÃ¡u cá»§a há» sau nÃ y ğŸ˜”ğŸ˜”,5,Sadness
bÃ  máº¹ nÃ³ giáº­t mÃ¬nh,3,surprise
chá»‰ cÃ³ bá»n Ã³c chÃ³ . Ä‘Ãº Ä‘á»Ÿn má»›i phÃ n nÃ n .,4,anger
chÆ°a 1 láº§n váº¥n vÆ°Æ¡ng thá»i c3 =)),4,enjoyment
"em Ä‘á»— 6 trÆ°á»ng Ä‘áº¡i há»c á»Ÿ má»¹ , cÃ²n hÃ ng trÄƒm tháº±ng Ä‘á»• em luÃ´n rá»“i Ä‘Ã³ , em biáº¿t khÃ´ng . trong Ä‘Ã³ cÃ³ anh ğŸ¤ª",2,pride/happiness (enjoyment)
nÃªn xá»­ lÃ½ nghiÃªm kháº¯c,4,anger
cÆ°á»i Ä‘au bá»¥ng :))),2,enjoyment
nghe cÃ¡i lá»i rÃµ Ä‘Ã©o há»‰u vÃ  cÃ¡i tÃªn cÅ©g khÃ´ng liÃªn quan,1,anger
giá»¡n ngu kiá»ƒu Ä‘Ã³ ngÆ°á»i ta bá»‹ tim giáº­t mÃ¬nh cháº¿t rá»“i sao . giá»¡n vá»›i mÃ¬nh kiá»ƒu Ä‘Ã³ mÃ¬nh Ä‘Ã¡nh cho vá»¡ má»“m luÃ´n,0,anger
kiÃªn nháº«n vá»›i 1 con chÃ³ chá»© cháº¯c gÃ¬ Ä‘Ã£ kiÃªn nháº«n vá»›i bá»‘ máº¹ hay ngÆ°á»i thÃ¢n bÃªn cáº¡nh mÃ¬nh .,1,Sadness
cá»© tÆ°á»Ÿng lÃ  ngÆ°á»i yÃªu =)),2,enjoyment
Ä‘áº¹p trai quÃ¡ ak,2,enjoyment
lÃ m Æ¡n Ä‘i .. Ä‘á»«ng bÃ¡m theo tao nua Ä‘Æ°á»£c khÃ´ng,0,sadness
aii may máº¯n thÃ¬ cÃ³ vá»‹ ngá»t cÃ²n aii thiáº¿u may máº¯n thÃ¬ há» chá»‰ toÃ n gáº·p nhá»¯ng vá»‹ cay vá»‹ Ä‘áº¯ng cá»§a Ä‘á»ii :)),5,Others
tháº±ng Ä‘oáº¡n cuá»‘i máº·c Ã¡o há»“ng Ä‘ang Ä‘á»‹nh gáº£i Ä‘Ã­t nhÆ°ng vÃ¬ tháº¥y ráº¯n nÃªn anh áº¥y Ä‘Ã£ háº¿t ngá»©a,2,disgust
"eo Ã´i tháº±ng nhÃ³c Ã¡o xanh cuá»‘i cÃ¹ng , sao nÃ y lá»›n lÃªn cháº¯c lÃ  sÃ³i ca haha",2,enjoyment
Ä‘Ã£ dÃ¢m tÃ¢m cÃ²n biáº¿n thÃ¡i ğŸ¤¢,1,disgust
ráº¥t ghÃ©t bá»n trá»™m cáº¯p,1,disgust
nhÃ¬n máº·t Ä‘Ã£ tháº¥y Ä‘Ã³ng vai Ã¡c rá»“i,1,disgust
per coi chá»«ng bá»‹ váº­y nha chÆ°a haha,2,others
Ä‘Ã¢y lÃ  Ä‘Ã¢u ? cÃ¡i nÃ y lÃ  nhÆ° nÃ o tháº¿ ??,4,confusion/uncertainty (others)
tuá»•i thÆ¡ tháº­t Ä‘Ã¡ng yÃªu . chá»‰ cÃ³ ngÆ°á»i lá»›n dáº«n sai Ä‘Æ°á»ng cÃ¡c em thÃ´i,4,sadness
thua cáº£ ngÆ°á»i ta ğŸ˜,5,sadness
"per , nhÆ¡ cai thá»i sv á»Ÿ tro , :)",2,enjoyment
Ã´ng lÃ£o cá»¥c sÃºc,1,disgust
"cÃ´ng khai vÃ  pháº¡t tháº­t náº·ng : Ä‘uá»•i há»c , cáº¥m thi 10 nÄƒm",0,anger
cÆ°ng ghÃª â¤ï¸,2,enjoyment
"vá»‹ nÆ°á»›c máº¯t , dÃ¹ cáº£m xÃºc nhÆ° nÃ o thÃ¬ khi cÃ³ nÃ³ cÅ©ng tháº­t Ä‘Ã¡ng nhá»› !",5,sadness
máº·t nhá» dá»… thÆ°Æ¡ng vÃ£i =)),2,enjoyment
thÃ­ch máº¥y Ä‘á»©a nÃ y,2,enjoyment
Ä‘áº§u Ä‘á»™c tráº» em mÃ  sá»­ nhÆ° váº­y lÃ  nháº¹ quÃ¡ chuyá»ƒn cÃ´ng tÃ¡c ra khá»i nghÃ nh,1,disgust
mÃ y xinh tháº¿ ? tao á»‘m tÃ­ Ä‘Ã£ xáº¥u hoáº¯c,5,disgust
xá»‹t nÆ°á»›c lÃ  Æ°á»›t rá»“i,4,Others
hy vá»ng sáº½ mau tÃ¬m Ä‘Æ°á»£c anh ngÆ°á»i yÃªu tháº­t tá»‘t Ä‘á»ƒ 5 nÄƒm sau cÃ³ má»™t gia Ä‘Ã¬nh nhÆ° váº­y â¤ï¸â¤ï¸,2,enjoyment
má»›i ngÃ y nÃ o bidv cÃ²n Ä‘á»©ng nháº¥t mÃ  .. haizzz,5,sadness
chá»‰ lÃ  báº¡n chÆ°a biáº¿t yÃªu Ä‘Ãºng cÃ¡ch thoiii,4,others
cÃ¡i áº£nh giá»‘ng há»‡t mÃ¬nh :)),4,enjoyment
"thá»i gian tháº¥m nhuáº§n yÃªu thÆ°Æ¡ng , náº¿u Ä‘á»§ kiÃªn nháº«n thÃ¬ háº¡nh phÃºc sáº½ Ä‘áº¿n bÃªn , khÃ´ng sá»£ sá»‡t ğŸ˜",4,enjoyment
nháº¥t Ä‘á»‹nh sáº½ lÃ m Ä‘Æ°á»£c,4,enjoyment
"cÃ¢u nÃ³i "" ngu thÃ¬ cháº¿t chá»© bá»‡nh táº­t gÃ¬ "" tao tháº¥y chÃ­nh xÃ¡c rá»“i Ä‘Ã¢y ! dume thiá»‡t háº¡i tÃ i sáº£n cÃ²n bá»‹ pháº¡t ná»¯a . ngu vÃ£i",1,anger
dÃ²m sá»£ thiá»‡t ğŸ¤,3,fear
"nhÃ¬n má»™t cÃ¡i rá»“i thÃ´i , chuyá»‡n cá»§a nhá»¯ng nÄƒm trÆ°á»›c",5,sadness
khiÃªp vÃ£i,1,disgust
báº¡n trai ngÆ°á»i khÃ¡c khÃ´ng bao giá» lÃ m tao tháº¥t vá»ng =))))),2,enjoyment
per =)))))))))))) tao cÆ°á»i khÃ´ng biáº¿t chá»— nÃ­n lun,2,enjoyment
lÃ  do mÃ y quÃ¡ áº£o tÆ°á»Ÿng,1,anger
"dá»… thÆ°Æ¡ng ghÃª =)) nÃ³i y nhÆ° máº¥y Ã´ng ngá»“i nháº­u trong bÃ n v "" Ä‘Ãºng khÃ´ng "" "" Ä‘Ãºng chÆ°a "" "" vui ráº§u "" =)))",2,enjoyment
mÃ¬nh ráº¥t ráº¥t muá»‘n Ä‘i nhÆ°ng trong tÃºi kÃ´ cÃ²n xu máº¹ nÃ o vÃ¢n kiá»u Æ¡i,5,sadness
khi báº¡n muá»‘n láº§y vÃ  cÅ©ng cÃ³ ngÆ°á»i láº§y cÃ¹ng báº¡n =)),2,enjoyment
"hay vÃ£i ra , ai Ä‘i qua kiá»ƒu gÃ¬ cÅ©ng pháº£i Ä‘á»c vÃ  má»‰m cÆ°á»i , Ä‘Ã¡nh máº¡nh vÃ o tÃ¢m lÃ½ :))",2,enjoyment
"thá»i chÃºng ta , Ä‘á»“ há»ng thÃ¬ mua má»›i cÃ²n thá»i Ã´ng bÃ  , Ä‘á»“ há»ng thÃ¬ Ä‘em Ä‘i sá»­a . Ä‘Ã³ lÃ  lÃ½ do vÃ¬ sao tÃ¬nh yÃªu cá»§a há» luÃ´n bá»n lÃ¢u ....",4,enjoyment
"mai tao Äƒn gÃ  , chá»¥p hÃ¬nh bÃ¬nh luáº­n láº¡i cho mÃ y thÃ¨m chÆ¡i ??",2,anger
lÃ m báº¡n vá»›i máº¥y thá»ƒ loáº¡i nÃ y cÅ©ng nhá»¥c cáº£ ngÆ°á»i,1,disgust
tháº­t váº­y luÃ´n sao per ?,6,Others
"tao vá»«a vá» xong thá» lÃ  á»Ÿ máº¹ nhÃ  ngá»§ cÃ²n sÆ°á»›ng hÆ¡n Ä‘Ã´ng Ä‘Ã©o thá»ƒ nhÃ­ch ná»•i , toÃ n ngáº¯m ngÆ°á»i ??",1,enjoyment
á»©c cháº¿ láº¯m cá»¥ áº¡ . Ä‘i trong phá»‘ cá»• cÃ²n chÆ°a dá»«ng háº³n Ä‘Ã£ bá»‹ gÃµ cá»­a xua Ä‘i .,0,Anger
"tá»™i nghiá»‡p , cÃ³ ráº¥t nhiá»u em á»Ÿ nÃ´ng thÃ´n bá»‹ nhÆ° váº­y ğŸ˜¢.",5,sadness
"chuáº©n luÃ´n , Ã¡p lá»±c cÃ´ng viá»‡c cÅ©ng khÃ´ng báº±ng má»‘i quan há»‡ vá»›i Ä‘á»“ng nghiá»‡p",2,enjoyment
mÃ© bá»n tráº» bÃ¢y giá»,1,disgust
rá»¥ng cáº£ rÄƒng khi xem khÃ´ng nháº·t Ä‘Æ°á»£c má»“m kkk,2,disgust
"1 con giÃ¡o viÃªn ngu + vÃ i Ä‘á»©a lá»›n Ä‘áº§u táº­p lÃ m ngÆ°á»i lá»›n nhÆ°ng báº¥t thÃ nh = dáº¡y ra 1 lÅ© há»c sinh máº¥t dáº­y , 1 lÅ© Ä‘áº§u bÃ²",1,disgust
nhá»¯ng video nhÆ° nÃ y chá»‰ khiáº¿n cho cÃ¡c cÃ´ gÃ¡i cÃ ng thÃªm áº£o tÆ°á»Ÿng vá» tÃ¬nh yÃªu thÃ´i =))) # ngÆ°ngáº£otÆ°á»Ÿng,4,disgust
mong lÃ  cÃ³ báº£o hiá»ƒm,4,Others
náº¿u 1 ngÃ y per theo tháº±ng khÃ¡c vÃ  per cÅ©ng cÃ³ bá» báº¡n mÃ  Ä‘i thÃ´i huhu,5,sadness
cay Ä‘áº¯ng ngá»t bÃ¹i . nhÆ°ng cay Ä‘áº¯ng thÃ¬ thÆ°á»ng nhiá»u hÆ¡n =)),4,enjoyment
tÃ¬nh yÃªu cha máº¹ dÃ nh cho con cÃ¡i lÃ  vÃ´ Ä‘iá»u kiá»‡n . mÃ¬nh Ä‘Ã£ khÃ³c,5,Sadness
"Ä‘Ãºng rá»“i , kiÃªn trÃ¬ thÃªm má»™t chÃºt ná»¯a Ä‘i ! :v",2,enjoyment
hÃªn crush nay Äƒn chÆ¡i lÃ nh máº¡nh,2,enjoyment
Ä‘au Ä‘á»›n hÆ¡n cÃ²n lÃ  khi lÃ m báº¡n cÅ©ng khÃ³ vÃ  gáº·p nhau coi nhÆ° ngÆ°á»i dÆ°ng nÆ°á»›c lÃ£,5,Sadness
cÃ¡ch xá»­ lÃ½ thÃ´ng minh,2,others
"per mai cáº¥m chá»c tao cÆ°á»i nhÃ© dume , tao mÃ  khÃ´ng pass probation lÃ  do mÃ y Ä‘áº¥y =))",4,enjoyment
trong phim nÃ y tháº¥y cÃ¡i tháº±ng anh hÃ¹ng Ä‘áº¡p xa Ä‘áº¡p pháº¿ vkl,1,disgust
per sáº¯p bá»‹ Ä‘uá»•i khá»i trÆ°á»ng rá»“i nhÃ© ğŸ˜‰ğŸ˜‰,4,fear
khÃ´ng biáº¿t luÃ´n Ã¡,6,uncertain/neutral
tao tÃ¡t cho bÃ¢y giá» Ä‘áº¥y,0,Others
tao thá» tao ráº¥t sá»£ ma quá»· nÃªn tao ráº¥t khÃ´ng dÃ¡m xem phim,3,fear
Ä‘iá»u tá»“i tá»‡ nháº¥t lÃ  kiá»ƒm tra code trÃªn giáº¥y .,5,disgust
"thay vÃ¬ gÃ  chuyá»ƒn sang Äƒn lá»£n , tao cungc tháº¿ nÃªn mÃ³n khoÃ¡i kháº©u lÃ  gÃ  chuyá»ƒn sang sÆ°á»n mÃ y áº¡",4,enjoyment
ta sao khÃºc cuá»‘i cáº­u bÃ© xá»‹t nÃ³i chuyá»‡n hoa lÃ m gÃ¬ váº­y,4,disgust
t Ä‘Æ°á»£c theo máº¹ ra Ä‘Ã¢y nhá»¯ng 3 láº§n :v . uá»‘ng no nÆ°á»›c biá»ƒn Ä‘s . pháº£i cÃ´ng nháº­n nÃ³i chuyá»‡n biá»ƒn Ä‘á»¥c vÃ£i ğŸ™„,1,enjoyment
Ä‘m mÃ¹i tháº¿ :))),1,disgust
per cá»§a anh tao chá»© anh mÃ y Ã  ??,4,anger
mÃ y tÆ°á»Ÿng ai cÅ©ng khÃ¹ng giá»‘ng mÃ y háº£ lo xo dau,1,anger
"per nam dÃ¢n trÃ­ tháº¥p , Ã½ thá»©c nhÆ° ruá»“i lÃ  há»£p lÃ­ .",1,disgust
há» khÃ´ng cho ta lÃ  vÃ¬ há» khÃ´ng cÃ³ gÃ¬ hihiiii,2,others
14 / 2 nÄƒm sau tau sáº½ lÃ  Ã´ng giÃ  cÃ´ Ä‘Æ¡n ....,5,sadness
gÃ¬ tháº¿ nÃ y ? nÃ y lÃ  kiáº¿n thá»©c Ä‘Ã³ háº£ ?,6,confusion/uncertainty (others)
dume xem Ä‘i xem láº¡i váº«n Ä‘Ã©o thá»ƒ nhá»‹n Ä‘Æ°á»£c cÆ°á»i :v,2,enjoyment
"trong 1 láº§n tao Ä‘Æ°á»£c máº¹ cho vá» quÃª ngoáº¡i , nÃ³ nhÃ¬n tao - tao nhÃ¬n nÃ³ - vÃ  dume Ä‘áº§u tao chÃ´m bÃ´m . cÄ‘ Ä‘Ã³ dá»¯ vÃ£i ! sao nÃ³ khÃ´ng Ä‘i thi Ä‘ai Ä‘en cáº¥p quá»‘c gia cmnl Ä‘i chá»© vÃµ cÃ´ng cao cÆ°á»ng nhÆ° váº­y mÃ  á»Ÿ vÃ¹ng qÃª háº»o lÃ¡nh thÃ¬ tháº­t lÃ  phÃ­ cá»§a giá»i !!!!",1,disgust
cÃ²n nhá» mÃ  Ä‘Ã£ nhÆ° tháº¿ nÃ y lá»›n lÃªn ai chá»‹u Ä‘Æ°á»£c yÃªu cháº¿t Ä‘i Ä‘Æ°á»£c,2,sadness
cáº­u lÃ¡i xe nÃ³i chÆ°a tháº¥y sai gÃ¬ . ?? Ä‘á»— dÆ°á»›i Ä‘Æ°á»ng chá»© cÃ³ Ä‘á»— vÃ o phÃ²ng khÃ¡ch nhÃ  mÃ¬nh Ä‘Ã¢u mÃ  kÃªu .,4,disgust
"khÃ³c khÃ´ng chá»‹u Ä‘Æ°á»£c luÃ´n , vÃ  mÃ¬nh cÅ©ng sáº½ lÃ m Ä‘Æ°á»£c náº¿u pháº£i Ä‘Ã¡nh Ä‘á»•i tÃ­nh máº¡ng cho 2 cÃ´ con gÃ¡i bÃ© nhá» cá»§a gia Ä‘Ã¬nh mÃ¬nh",5,Sadness
"per báº£o nÃ³ nÃ³i chuyá»‡n Ä‘i nhÆ°ng khÃ´ng , chá»‰ nhÃ¬n thÃ´i",4,disgust
per Ä‘á»£i rá»¥ng rÄƒng rá»“i anh táº·ng quÃ  cho em luÃ´n hÃ¡y . hhha,2,enjoyment
"per giá» Ä‘i ra chá»— Äƒn phá»Ÿ cÅ©ng khÃ³ , Ä‘i bá»™ cÅ©ng cháº£ chen Ä‘Æ°á»£c ??",4,frustration/annoyance
máº¥y thÃ¨n cá»©c ráº£nh,1,disgust
"giun xÃ o tá»i , Ä‘á»‰a xÃ o lÄƒn , cá»©t náº¥u Ä‘Ã´ng , há»‰ mÅ©i rang cÆ¡m trá»™n vá»›i Ä‘á»m , tá»Ÿm vÃ£i",1,disgust
vÃ  tá»« Ä‘Ã³ bÃ  cá»¥ sá»‘ng trong háº¡nh phÃºc :)),2,enjoyment
"video má» tháº¿ cÃ²n xÃ¡c minh Ä‘Æ°á»£c , tháº¿ cÃ²n lÃ£o per Ä‘áº¿n giá» váº«n im láº·ng lÃ  sao ? ğŸ™‚",6,sarcasm/other
"lÃºc nhá» máº¹ náº¥u cÆ¡m báº±ng báº¿p cá»§i , ttao thÃ¬ khÃ´ng biáº¿t gÃ¬ tháº¥y lá»­a táº¯t thÃ¬ chá»¥m vÃ´ : )) máº¹ ra quÃ¡nh cho tráº­n vÃ¬ ná»“i cÆ¡m khÃ©t ngháº¹t ğŸ˜‘",5,sadness
Ä‘m tháº±ng máº­p máº·t thoáº£ mÃ£n vÃ£i . láº§n Ä‘áº§u tiÃªn tháº¥y con gÃ¡i ah,1,disgust
"dm lÃ¹i xuá»‘ng rá»“i viáº¿t , suy ra lÃ  báº¡n Ä‘á»ƒ máº¥t ngÆ°á»i ta lÃ  do báº¡n ngu chá»© Ä‘Ã©o pháº£i Ä‘á»• thá»«a cho cÃ¡i gÃ¬",1,anger
bÃ¬nh dá»‹ váº­y thÃ´i .. mÃ  sao mÃ£i tao chÆ°a tÃ¬m Ä‘Æ°á»£c ? hix,5,sadness
tao tháº¥y tai náº¡n giao thÃ´ng lÃ  tao nÃ³i vá»›i máº¹ .. con cháº¡y ra Ä‘Ã³ Ä‘á»ƒ tá»‘i lÃªn ti vi ... máº¹ tao chá»­i sáº¥p máº·t luÃ´n,5,disgust
Ä‘Ãºng kiá»ƒu Ä‘áº¿n mÃ¹a Ä‘á»™ng dá»¥c . khÃ¡c gÃ¬ Ä‘á»™ng váº­t báº­c tháº¥p khÃ´ng,1,disgust
"cÆ°á»i Ä‘áº¥y , sau lÆ°ng nÃ³ Ä‘Ã¢m con máº¹ nÃ³ dao vÃ´ hÃ¬nh cho cháº¿t mÃ  váº«n sá»‘ng nhÄƒn rÄƒng luÃ´n .",3,anger
"toan cao láº¡i ná»¯a , tao dg suy nghÄ© cÃ³ nÃªn Ä‘i báº±ng grap vá» khÃ´ng",4,unclear/neutral
bÃ y Ä‘áº·t viáº¿t trÃªn cÃ¡t kháº¯c luÃ´n vÃ o Ä‘Ã¡ cho táº¡t thoáº£i mÃ¡i,2,enjoyment
"bÃ i nháº¡c Ä‘áº§u tiÃªn lÃ  nháº¡c phim gÃ¬ nhá»‰ ? mÃ¬nh quÃªn tÃªn phim rá»“i , xin há»i cÃ³ ai biáº¿t khÃ´ng áº¡",4,Others
hn Ä‘Ã©o cÃ³ Ä‘Ã¢u nhÃ© . dÄƒm ba cÃ¡i thá»© y Ä‘g vá»› váº©n :)),1,disgust
"cÃ¡c chÃ¡u tháº­t tá»‘t , hÃ£y thÆ°Æ¡ng yÃªu má»i ngÆ°á»i vÃ  cáº£ loÃ i váº­t nhÃ© , may máº¯n vÃ  niá»m vui sáº½ Ä‘áº¿n vá»›i cÃ¡c chÃ¡u .",2,enjoyment
cáº£m Ä‘á»™ng vleu haha,2,enjoyment
"cáº£m tháº¥y thay Ä‘Æ°á»£c thÃ¬ thay , giÃ¡o viÃªn bÃ¢y giá» thá»«a nhiá»u mÃ ",0,others
nghe mÃ£i mÃ  váº«n tháº¥y hay,2,enjoyment
mÃ¨o nhÃ  tao cÅ©ng tá»«ng Ä‘i láº¡c vÃ¬ bá»‹ chÃ³ rÆ°á»£t tÆ°á»Ÿng máº¥t rá»“i . sau máº¥y thÃ¡ng tháº¥y nÃ³ trá»Ÿ vá» nhÃ  má»«ng vÃ£i ğŸ˜,2,enjoyment
váº«n xinh Ä‘áº¹p dá»‹u dÃ ng trong máº¯t tao ğŸ˜‚,2,enjoyment
tháº¥y per háº¥t mÃ´g tháº±g Ä‘Ã³ bay hÃ i lÃ²ng dá»… sá»£,2,enjoyment
"anh sau Ä‘Ã³ , khÃ´ng cÃ²n lÃ  anh ná»¯a ...",5,sadness
cáº£ Ä‘á»i mÃ¬nh chá»‰ Æ°á»›c cÃ³ 500tr tráº£ ná»£ ngÃ¢n hÃ ng cÃ¡i xe Ä‘á»ƒ cháº¡y kiáº¿m Äƒn ...ğŸ˜¥ğŸ˜¥ğŸ˜¥,5,Sadness
cá»‘ gáº¯ng chá»© tá»« bá» con cáº·c gÃ¬,1,anger
kÃ½ á»©c 1 thá»i . nhá»›,2,sadness
gia tá»™c báº¥t háº¡nh :váº­y,1,sadness
vÃ¬ lá»£i nhuáº­n con ngÆ°á»i ta cÃ³ thá»ƒ Ä‘á»™c Ã¡c vá»›i nhau nhÆ° váº­y sao ???,1,disgust
thÆ°Æ¡ng anh báº¡n kia quÃ¡ .,2,sadness
nhÃ¬n muá»‘n tÃ¨ ra quáº§n rá»“i,3,disgust
nhÃ¬n dÆ¡ vÃ£i dume :v,1,disgust
tao cÅ©ng Äƒn háº¡i nhÆ°ng chÆ°a bao giá» Äƒn háº¡i Ä‘áº¿n ná»—i phÃ­ pháº¡m tháº¿,1,disgust
sao mÃ y khÃ´ng ngá»§ vá»›i máº¹ mÃ y luÃ´n,4,Anger
pháº§n nÃ y dÃ¹ xem láº¡i 100 láº§n váº«n báº­t khÃ³c tÃ¬nh cha tháº­t phi thÆ°á»ng,5,sadness
Äƒn xong máº¥t há»©ng Ä‘Ã©o nÃ³i ná»¯a,0,disgust
"cháº£ cÃ³ gÃ¬ hay ho , vÃ´ bá»•",1,disgust
nhÃ¬n giá»‘ng hai anh Ä‘ang tá»‰nh tÃ² vá»›i nhau ghÃª ( mÃ¬nh lÃ  há»§ Ä‘á»«ng nÃ©m Ä‘Ã¡ nha ğŸ˜…ğŸ˜…ğŸ˜…),2,disgust
buá»“n nhá»‰ ğŸ˜´ğŸ˜´ğŸ˜´,5,sadness
toÃ n lÅ© tháº¥t Ä‘á»©c,1,disgust
per tháº¿ Ä‘Ã©o nÃ o mÃ¬nh chÆ¡i vá»›i toÃ n gÃ¡i mÃ  tÃ­nh váº«n giá»‘ng con trai . _ .,5,disgust
cuá»™c sá»‘ng cá»§a mÃ¬nh Ä‘á»«ng há»i Ã½ kiáº¿n ngÆ°á»i khÃ¡c,4,Others
máº¥y tháº±ng máº·t Ä‘á»‹t . chim chÆ°a má»c Ä‘á»§ lÃ´ng mÃ  lÃ´ng Ä‘Ã£ Äƒn vÃ o táº­n nÃ£o chÃºng mÃ y rá»“i . Ä‘m chÃºng mÃ y,0,disgust
bÃ  vá» nÆ¡i phÆ°Æ¡ng xa máº¥t rá»“i . nhÆ°ng vá»›i tá»› bÃ  lÃ  ngÆ°á»i dá»… thÆ°Æ¡ng nháº¥t trÃªn Ä‘á»i . chá»‰ muá»‘n ngáº£ vÃ o lÃ²ng ngoáº¡i nghe ká»ƒ vá» nhá»¯ng cÃ¢u chuyá»‡n cá»• ğŸ˜˜,5,sadness
"vui váº» chÃºt , láº¡c quan chÃºt cho Ä‘á»i thÃªm vui cÅ©ng lÃ  má»™t cÃ¡ch ğŸ˜‚ğŸ˜‚",2,enjoyment
hÃ i vÃ£i :))),2,enjoyment
cÃ²n gÃ¬ Ä‘au Ä‘á»›n hÆ¡n cáº£nh nÃ y :(((,5,sadness
"yep . chÃ­nh tao . Ä‘i vá»‡ sinh thÃ´i cÅ©ng pháº£i Ä‘áº£o qua , mÃ  giá» thÃ¬ ngÆ°á»i ta sáº¯p Ä‘i láº¥y chá»“ng rá»“i",5,disgust
cÃ²n mÃ¬nh nhÃ¬n nhÆ° tháº±ng ngu,5,sadness
thay Ä‘á»•i vÄƒn hÃ³a tÃ­ Ä‘i . Ä‘Æ°á»ng lÃ  tÃ i sáº£n chung cá»§a má»i ngÆ°á»i dÃ¢n . vÃ  má»i ngÆ°á»i dÃ¢n Ä‘Æ°á»£c phÃ©p lÃ m nhá»¯ng gÃ¬ phÃ¡p luáº­t khÃ´ng cáº¥m .,4,anger
ai tháº¥y pha cuá»‘i phÃª vÃ£i khÃ´ng,2,enjoyment
tá»™i em gÃ¡i Ä‘Ã³,5,disgust
Ä‘á»©a nÃ o nhÃ¢y hÆ¡n Ä‘á»©a Ä‘áº¥y tháº¯ng,4,disgust
hahah thÃº vá»‹ ghÃª hen,2,enjoyment
ngÃ£ nhÃ¬n cÅ©ng tháº¥y yÃªu ğŸ¤£,2,enjoyment
há»“i bÃ© tÃ´i cÅ©ng bá»‹ chá»­i cáº£ ngÃ y tá»« sÃ¡ng chÃ­ tá»‘i ! nhÆ°ng khÃ´ng pháº£i bá»‘ tÃ´i mÃ  lÃ  bÃ  ná»™i tÃ´i !,5,sadness
cung quÃ¡ ak,2,enjoyment
mÃ y xinh ghÃª váº­y :d,2,enjoyment
"thÆ°Æ¡ng cÃ¡c bÃ¡c quÃ¡ , váº¥t váº£ 10 nÄƒm trá»i mÃ  bá»‹ nhÆ° váº­y ğŸ˜­",5,sadness
hÃªn lÃ  Ä‘á»¥ng nháº§m ngÆ°á»i chá»© Ä‘á»¥ng trÃºng cÃ¡i lÃ  rá»¥ng trá»©ng cáº£ bÃ y cáº£ lÅ© -)),2,Anger
Ä‘au ghÃª,5,fear
khÃºc máº¯c cÆ°á»i Ä‘oáº¡n nÃ o váº­y ğŸ˜‘,1,disgust
Ä‘áº¿m khÃ´ng háº¿t nÃªn nÃ³ vÆ°Æ¡ng nÃ³ vÃ£i áº¥y mÃ ,4,disgust
1 hÃ¬nh nÃ y tháº¥y tá»« sÃ¡ng Ä‘áº¿n giá» trÃªn máº¥y page rá»“i ğŸ˜‘ğŸ˜‘,4,disgust
mÃ y Äƒn xong thÃ¬ cÃºt luÃ´n dÃ¹m nha ğŸ™‚,0,anger
thÃ´i thÃ¬ giáº£ táº¡o Ä‘áº¿n phÃºt chÃ³t cho trÃ²n chá»¯ hÃ£m lá»“n,1,disgust
con bÃ© bá»‹ quÆ¡ trÃºng nhÃ¬n Ä‘áº¹p nhÆ° bÃºp bÃª áº¥y < 3,2,enjoyment
báº¡n khÃ´ng cÃ³ lá»—i sinh ra trong nghÃ¨o khÃ³ nhÆ°ng náº¿u cháº¿t trong nghÃ¨o khÃ³ thÃ¬ Ä‘Ã³ lÃ  lá»—i cá»§a báº¡n,4,Sadness
"lá»—i tá»•ng há»£p . Ä‘Æ°á»ng bá»™ mÃ  náº±m sÃ¡t Ä‘Æ°á»ng sáº¯t , cÃ²n Ã´ng tÃ i xáº¿ thÃ¬ Ä‘áº­u xe cáº©u tháº£ .",1,disgust
phim kinh dá»‹ vÃ o cÃ¡i trá»i Ã¢m u ğŸ˜’,3,disgust
crush Ä‘Ã©o bá»‹ thá»‹t nhÃ© :d nÃ³ cÅ©ng áº¿ vÃ£i vÃ¬ tá»™i cháº£nh chÃ³a,0,disgust
tá»± nhiÃªn coi tá»›i khÃºc th bÃ© kÃ©o háº¿t báº¡n bÃ¨ tá»›i chá»¥p hÃ¬nh tao buá»“n cÆ°á»i vÃ£i ! Ã´ng kia nghÄ© ! thÃ´i cháº¿t máº¹ rá»“i ! kiá»ƒu nÃ y tá»‘i má»›i lau xong ğŸ˜‚,2,enjoyment
báº¿p dáº§u thá»i bao cáº¥p cÃ¹ng thá»i Ä‘Ã´t Ä‘Ã¨n dáº§u,4,nostalgia
mÃ¬nh nghÄ© Ä‘á»£t nÃ y bÃ  per thua rá»“i . Ä‘uá»‘i lÃ½ láº«n truyá»n thÃ´ng yáº¿u,5,Sadness
bá»n tráº» trung quá»‘c thá»i nay Äƒn gÃ¬ mÃ  cao tháº¿ nhá»‰,6,enjoyment
"fa lÃ¢u nÄƒm cÃ³ biáº¿t 14 / 2 hay 15 / 2 lÃ  ngÃ y gÃ¬ Ä‘Ã¢u , chá»‰ biáº¿t lÃ  ngÃ y Ä‘i lÃ m vá» vÃ  ráº¥t má»‡t",5,Others
kinh quÃ¡ . Ä‘au láº¯m Ä‘Ã¢y . mÃ  nhÃ¬n ná»•i háº¿t da gÃ  ra .,1,fear
t Ä‘ang tháº¯c máº¯c lÃ  2 tháº±ng kia Ä‘Ã©o há»i tháº±ng per Ã  ğŸ¤”,4,confusion/uncertainty (others)
nhÃ¬n Ä‘oáº¡n á»•ng trÃ¡nh nÃ³ cáº¯n mÃ  nháº£y tÆ°ng tÆ°ng ráº¥t chi lÃ  Ä‘iá»‡u nghá»‡ vÃ  mang trong Ä‘Ã³ cáº£ sá»± táº¥u hÃ i ná»¯a ğŸ¤£ğŸ¤£,2,enjoyment
"Ä‘á»«ng Ä‘á»ƒ rÃ¢u , mÃ³ng tay cáº¯t gá»n gÃ ng . náº¿u mÃ  thÆ¡m ná»¯a thÃ¬ 8d chuáº©n máº¹ rá»“i",4,disgust
"hÃ´m nÃ o Ä‘i há»c vá» cÅ©ng pháº£i Ä‘i qa , nhÃ  nuÃ´i lÅ© nÃ y á»Ÿ Ä‘á»‰nh dá»‘c , Ä‘i há»c vá» tá»›i chÃ¢n dá»‘c thÃ´i lÃ  nghe lÅ© quá»· Ä‘Ã³ Ä‘á»©ng Ä‘áº§u dá»‘c Ä‘Ã³n Ä‘Æ°á»ng bá»n tao rá»“i . mÃ©o Ä‘áº¡p xe lÃªn dá»‘c ná»•i , dáº¯t xe lÃªn dá»‘c mÃ  muá»‘n vá»©t máº¹ cÃ¡i xe Ä‘áº¡p Ä‘á»ƒ cháº¡y láº¥y thÃ¢n cho rá»“i :((",3,fear
"cÃ´ng ty nÃ o nháº­n báº¡n khÃ´ng quan trá»ng , quan trá»ng lÃ  ai giá»›i thiá»‡u báº¡n vÃ o cÃ´ng ty ğŸ¤£ğŸ¤£ğŸ¤£ğŸ¤£",2,enjoyment
"Ä‘áº¿n cáº£ khi nÃ³ nÃ³i thÃ­ch mÃ¬nh , 1 phÃºt sau nÃ³ láº¡i nÃ³i chá»‰ trÃªu . má»‡t má»i",5,Sadness
Ã¢y da 1 thá»i,4,nostalgia/other
nhÃ¬n cÃ¡i báº£n máº·t bÃ  ta mÃ  ghÃ©t thay . tham vÃ´ Ä‘á»™ . dÃ¢n mÃ¬nh nhiá»u nhÃ  dÄƒn ba tá»‰ cÃ²n khÃ³ ....,1,disgust
Ä‘á»¡ mua cuá»‘n sá»• 5 ngÃ n =)),2,enjoyment
chá»‰ dÃ¢n Ä‘en lÃ  khá»• thÃ´i . cháº£ trÃ¡ch Ä‘Æ°á»£c há» khi cá»‘ gáº¯ng Ä‘i tÃ¬m may máº¯n á»Ÿ nÆ¡i chÃ¹a chiá»n,5,disgust
cÃ²n gÃ¬ Ä‘au hÆ¡n,5,sadness
nÃ³ váº«n luÃ´n hiá»‡n há»¯u xung quanh chÃºng ta . hÃ£y dÃ¹ng tÃ¬nh yÃªu thÆ°Æ¡ng Ä‘Ã³ vÃ  cho Ä‘i â¤,2,enjoyment
3 idiots ! phim hay nháº¥t má»i thá»i Ä‘áº¡i .,2,enjoyment
Ä‘i xa nÃ³ báº¯t cÃ³c cháº¿t máº¹ mÃ y :),1,anger
Ã´i dume bá»n sÃºc váº­t,1,disgust
xuáº¥t sáº¯c . tháº­t sá»± quÃ¡ Ä‘á»‰nh .,2,enjoyment
Ä‘Ãºng lÃ  yÃªu tá»›i Ä‘áº§u báº¡c rÄƒng long .,2,enjoyment
cho tháº±ng khÃ¡c Äƒn á»‘c báº¯t bá»‘ Ä‘á»• vá» Ã  ğŸ¤£,0,enjoyment
"Ä‘á»™ng lá»±c lÃ  tÃ¬nh yÃªu , gia Ä‘Ã¬nh lÃ  nÆ¡i Ä‘á»ƒ vá» hihi",2,enjoyment
Ä‘Ã£ tháº¥t tÃ¬nh xem pim nÃ y khÃ³c cáº£ Ä‘Ãªm máº¥t thÃ´i má»›i Ä‘á» mÃ´ mÃ  Ä‘Ã£ khÃ³c thÃºt thÃ­t rá»“i cháº¯c xem háº¿t thÃ¬ khÃ´ng biáº¿t pai lÃ m sao ..,5,sadness
"vÃ  sau mÃ¹a váº£i , tÃ n dÆ° cÃ²n láº¡i lÃ  nhá»¯ng ná»‘t má»¥n ğŸ˜ŒğŸ˜ŒğŸ˜Œ",5,sadness
má»—i láº§n coi láº¡i sá»Ÿn gai á»‘c,3,fear
con ngÆ°á»i giá»i nhá»‰ .,6,enjoyment
sáº¿n Ä‘á»¥ dá»… sá»£ ğŸ˜‘,1,disgust
tao muá»‘n mÃ¨o nhÃ  tao cÅ©ng tÃ¬m vá» Ä‘Æ°á»£c nhÆ° nÃ y ğŸ˜­,5,sadness
"rÃ£nh vÃ£i , kiáº¿m cÃ¡i gÃ¬ lÃ m Ä‘i",1,Others
per chuáº©n . gá»i cÃ´ng an cho lÃ nh . cÃ£i cá»™ cháº³ng may sá»­ng cá»“ lÃªn khÃ´ng kÃ¬m Ä‘Æ°á»£c phang vÃ o xe nÃ³ láº¡i má»‡t ??,1,anger
khi nÃ o mÃ¬nh giÃ  rá»“i cÅ©ng nhÆ° v nha per kkkkkkkkkk,2,enjoyment
vl gáº§n nhÃ ,4,others
cá»©u em nÃ³ vá»›i,5,fear
Ä‘á»¥ máº¹ ngu Ã  :)) cÃ³ thiáº¿u chá»— Ä‘Ã©o nÃ o cho mÃ y viáº¿t khÃ´g,1,Anger
tao thÃ¬ sá»£ nháº¥t lÃºc nÃ³ má»›i cáº¯t tÃ³c,3,fear
Ä‘Æ°á»£c cÃ¡i cÃ´ng tÃ¡c truyá»n thÃ´ng tá»‘t,2,enjoyment
nhÃ¬n rá»£n vÃ£i,3,disgust
Ä‘Ãºng lÃ  á»•ng cÃ³ vá»£ rá»“i cÃ³ khÃ¡c . khÃ´ng cáº§n láº¥y Ã¡o lÃ m tÃ³c ná»¯a mÃ  cÃ³ háº³n vÃ¡y Ä‘á»ƒ máº·c rá»“i ğŸ˜‚ğŸ˜‚ğŸ˜‚ğŸ˜‚,6,enjoyment
haha :))) nÃ£y giá» máº¥y tiáº¿ng rá»“i mÃ  cÃ¡c bÃ¡c váº«n cÃ²n cÄƒng :))),2,enjoyment
ngÆ°á»¡ng má»™ Ã´ng bÃ  Ã¡ . Ã´ng bÃ  Ä‘Ã¡ng yÃªu ghÃª,2,enjoyment
tháº±ng nÃ o kiá»ƒu nhÆ° nÃ y tao cho cáº¡ch máº·t !!! Ä‘Ã©o thÃ­ch ná»¯a ğŸ˜‚ğŸ˜‚,0,anger
:)) má»i ngÆ°á»i bá»‹ sao tháº¿ ??? thÃ­ch chÆ¡i vá»›i máº¥y Ä‘á»©a nhÆ° váº§y nÃ¨ :)) hÃ i hÆ°á»›c Ä‘i chung cÆ°á»i sáº¥p máº·t luÃ´n =)))) nhÃ¢y nhÃ¢y váº§y má»›i zui chá»› ? tá»± nhiÃªn chá»­i con nhá» tháº¥y tá»™i nghiá»‡p ğŸ˜¡,2,Anger
giá» cáº¯t bá»™ mÃ³ng Ä‘i cÃ¡i tay váº«n cá»© bá»‹ pháº¿ khÃ³ mÃ  phá»¥c há»“i Ä‘Æ°á»£c,5,sadness
per Ã´ng Ä‘Ã³ cÃ³ Ä‘Ã´i máº¯t Ä‘áº¹p ghÃª,2,enjoyment
cÃ³ váº­y Ã´ng má»›i cÃ³ cÃ´ng chuyá»‡n lÃ m mÃ  kiáº¿m tiá»n cÃ²n la lá»‘i chá»­i máº¯ng cÃ³ tá»™i nghe con .,1,Anger
phim gÃ¬ z .. thÃ¡nh ná»¯ nÃ o cho biáº¿t cÃ¡i chá»§ Ä‘á» dá»›i !!,4,disgust
Ä‘á»‹t máº¹ Ä‘á»i tao,5,Anger
Ã¡p dá»¥ng á»Ÿ viá»‡t nam cÆ¡ mÃ  chá»‰ cÃ³ Äƒn cÃ¡i Ä‘áº§u mÃ y .,1,disgust
nÃ³ cá»© sai sai tháº¿ nÃ o áº¥y,4,disgust
cÃ²n cháº·t cáº£ cÃ¢y á»•i cá»§a hÃ ng xÃ³m Ä‘á»ƒ láº¥y cÃ¡i cháº¡c lÃ m sÃºng Ä‘áº¥y cá»©,2,disgust
cháº¯c lÃ  uncrush thÃ´i . bá»‘ máº¹ thÃ¬ cÃ²ng lÆ°ng ra lÃ m cho con Ä‘i há»c .,5,sadness
chÃºng mÃ y cá»© cÆ°á»i . dm mai gáº§n Ä‘áº¥y cÃ³ biáº¿n láº¡i tháº¥y anh áº¥y trong bá»™ cáº£nh phá»¥c thÃ¬ láº¡i tung hÃ´ quáº£ náº±m vÃ¹ng quÃ¡ Ä‘áº³ng cáº¥p ğŸ˜‚ğŸ˜‚ğŸ˜‚,2,anger
gá»­i nháº§m video mÃ¬nh hÃ¡t cháº¿ cho nÃ³ nghe,4,enjoyment
tá»± nhiÃªn mÃ¬nh xem vÃ  má»‰m cÆ°á»i theo .,2,enjoyment
báº¡n Äƒn cÆ¡m chÆ°a ?,4,enjoyment
lÃºc thÃ¬ cuá»‘c Ä‘áº¥t Ã¨ cá»• ra khÃ´ng cÃ³ giun mÃ  cÃ¢u cÃ¡ ğŸ˜’,5,disgust
cÃ¡c bÃ¡c dáº«n crush qua cÃ¢y sá»¯a nay mÃ  há»©ng nÆ°á»›c Ä‘Ã¡i ve nha haha,2,enjoyment
vá»£ chá»“ng rá»“i mÃ  trong sÃ¡ng nhÆ° nÃ y chá»‰ cÃ³ trong phim nhá»‰ ğŸ˜‚,6,enjoyment
bep nÃ y vÃ o binh dÆ°Æ¡ng dÃ¹ng xuáº¥t,4,Others
Ä‘Ã´i máº¯t Ä‘áº±m tháº¯m vÃ£i,6,enjoyment
